incident_id,animal_category,incident_type,time_of_day,location_type,weather,has_bleeding,has_trapped,has_unconscious,near_highway,in_storm,response_time_min,distance_km,org_type,priority,rescue_success
1,dog,injured,evening,rural,rain,0,0,0,0,0,99,44.66,veterinary,low,0
2,dog,injured,morning,rural,rain,1,0,0,0,0,30,35.94,firefighter,medium,1
3,other,endangered,morning,rural,fog,0,0,0,0,0,48,14.25,wildlife_center,medium,0
4,bird,injured,morning,water_body,clear,0,0,0,0,0,38,40.45,firefighter,low,1
5,wildlife,injured,evening,highway,storm,1,0,1,1,1,10,33.23,blue_cross,critical,0
6,cat,injured,night,forest,fog,1,0,0,0,0,52,18.09,blue_cross,medium,1
7,dog,other,afternoon,highway,rain,0,0,0,1,0,25,23.38,blue_cross,medium,0
8,other,trapped,evening,urban,rain,0,1,0,0,0,110,2.09,blue_cross,medium,1
9,dog,trapped,evening,rural,fog,0,1,0,0,0,55,44.29,firefighter,medium,1
10,cat,trapped,evening,highway,fog,0,1,0,1,0,119,29.38,blue_cross,critical,1
11,cat,other,night,urban,clear,0,0,0,0,0,115,5.93,wildlife_center,low,0
12,wildlife,other,morning,water_body,fog,0,0,0,0,0,81,49.81,blue_cross,low,0
13,dog,injured,evening,forest,clear,0,0,0,0,0,5,47.71,blue_cross,low,0
14,cat,other,morning,forest,rain,0,0,0,0,0,24,19.01,wildlife_center,low,1
15,other,injured,evening,water_body,clear,0,0,0,0,0,111,40.44,wildlife_center,low,1
16,other,injured,morning,water_body,clear,1,0,0,0,0,21,6.86,firefighter,medium,0
17,cat,endangered,night,rural,rain,0,0,0,0,0,96,15.93,blue_cross,medium,1
18,other,aggressive,morning,rural,rain,0,0,0,0,0,13,17.24,wildlife_center,low,1
19,dog,injured,morning,rural,clear,1,0,1,0,0,14,25.95,blue_cross,critical,1
20,cat,other,afternoon,highway,fog,0,0,0,1,0,36,39.34,firefighter,medium,1
21,dog,aggressive,evening,water_body,fog,0,0,0,0,0,64,43.26,veterinary,low,0
22,dog,injured,night,forest,clear,0,0,0,0,0,62,7.44,wildlife_center,low,1
23,cat,injured,night,highway,clear,0,0,1,1,0,112,1.23,veterinary,critical,0
24,cat,trapped,night,water_body,fog,0,1,0,0,0,32,43.3,veterinary,medium,1
25,dog,aggressive,evening,water_body,storm,0,0,0,0,1,59,34.98,firefighter,low,1
26,bird,trapped,morning,highway,clear,0,1,0,1,0,100,16.02,veterinary,critical,0
27,other,other,afternoon,urban,clear,0,0,0,0,0,113,9.7,veterinary,low,0
28,cat,aggressive,morning,highway,rain,0,0,0,1,0,79,29.93,veterinary,medium,1
29,other,other,evening,forest,rain,0,0,0,0,0,90,35.95,wildlife_center,low,1
30,cat,endangered,night,forest,clear,0,0,0,0,0,6,23.19,veterinary,medium,1
31,cat,other,evening,rural,storm,0,0,0,0,1,117,3.91,wildlife_center,low,0
32,cat,aggressive,evening,highway,clear,0,0,0,1,0,90,40.95,blue_cross,medium,0
33,dog,trapped,evening,urban,clear,0,1,0,0,0,100,27.88,blue_cross,medium,1
34,cat,endangered,afternoon,forest,fog,0,0,0,0,0,37,45.31,veterinary,medium,1
35,wildlife,endangered,morning,urban,storm,0,0,0,0,1,103,6.98,blue_cross,critical,0
36,wildlife,other,night,highway,clear,0,0,0,1,0,19,4.22,wildlife_center,medium,1
37,bird,other,afternoon,water_body,rain,0,0,0,0,0,10,15.76,veterinary,low,1
38,cat,trapped,morning,forest,fog,0,1,0,0,0,84,37.6,wildlife_center,medium,0
39,cat,aggressive,morning,rural,storm,0,0,0,0,1,105,46.58,wildlife_center,low,0
40,dog,aggressive,morning,water_body,rain,0,0,0,0,0,30,40.92,firefighter,low,1
41,cat,trapped,morning,rural,fog,0,1,0,0,0,47,14.29,veterinary,medium,0
42,bird,endangered,night,highway,storm,0,0,0,1,1,8,6.21,blue_cross,critical,1
43,bird,injured,morning,highway,fog,0,0,1,1,0,60,30.51,veterinary,critical,1
44,other,trapped,evening,urban,fog,0,1,0,0,0,5,26.24,wildlife_center,medium,1
45,dog,endangered,evening,urban,storm,0,0,0,0,1,69,15.81,firefighter,critical,0
46,bird,other,afternoon,rural,fog,0,0,0,0,0,90,47.05,wildlife_center,low,0
47,bird,aggressive,morning,forest,storm,0,0,0,0,1,31,21.78,blue_cross,low,1
48,wildlife,trapped,night,rural,clear,0,1,0,0,0,41,26.01,blue_cross,critical,1
49,cat,endangered,afternoon,rural,rain,0,0,0,0,0,8,2.79,firefighter,medium,1
50,dog,aggressive,night,highway,rain,0,0,0,1,0,96,34.97,firefighter,medium,0
51,cat,injured,morning,water_body,rain,0,0,1,0,0,71,23.5,wildlife_center,medium,0
52,dog,aggressive,afternoon,water_body,storm,0,0,0,0,1,101,44.63,firefighter,low,0
53,other,aggressive,afternoon,water_body,fog,0,0,0,0,0,38,37.71,blue_cross,low,0
54,other,aggressive,afternoon,forest,fog,0,0,0,0,0,14,35.82,wildlife_center,low,1
55,bird,other,morning,rural,rain,0,0,0,0,0,34,19.46,wildlife_center,low,1
56,dog,aggressive,night,forest,fog,0,0,0,0,0,58,3.58,firefighter,low,1
57,other,injured,night,water_body,clear,1,0,0,0,0,54,42.75,firefighter,medium,1
58,other,other,afternoon,water_body,rain,0,0,0,0,0,39,22.07,veterinary,low,1
59,wildlife,trapped,night,rural,clear,0,1,0,0,0,55,29.8,veterinary,critical,1
60,wildlife,trapped,night,rural,clear,0,1,0,0,0,38,19.27,wildlife_center,critical,1
61,bird,aggressive,evening,water_body,storm,0,0,0,0,1,111,4.55,veterinary,low,0
62,dog,endangered,afternoon,urban,clear,0,0,0,0,0,101,2.04,wildlife_center,medium,1
63,dog,other,afternoon,rural,rain,0,0,0,0,0,65,33.64,wildlife_center,low,0
64,bird,endangered,afternoon,highway,clear,0,0,0,1,0,104,41.06,blue_cross,critical,0
65,dog,endangered,night,water_body,rain,0,0,0,0,0,14,29.81,wildlife_center,medium,1
66,bird,other,morning,highway,clear,0,0,0,1,0,49,26.87,blue_cross,medium,1
67,bird,injured,night,water_body,clear,1,0,0,0,0,119,41.52,wildlife_center,medium,0
68,other,endangered,night,water_body,fog,0,0,0,0,0,110,36.69,blue_cross,medium,0
69,cat,injured,evening,water_body,rain,1,0,0,0,0,90,19.26,veterinary,medium,1
70,bird,trapped,night,rural,storm,0,1,0,0,1,107,13.29,blue_cross,medium,0
71,bird,other,morning,highway,rain,0,0,0,1,0,15,12.45,firefighter,medium,1
72,cat,aggressive,night,water_body,clear,0,0,0,0,0,16,15.06,firefighter,low,1
73,bird,other,evening,water_body,storm,0,0,0,0,1,59,49.83,blue_cross,low,1
74,wildlife,endangered,evening,forest,rain,0,0,0,0,0,20,36.2,blue_cross,medium,1
75,other,trapped,afternoon,rural,fog,0,1,0,0,0,40,36.37,blue_cross,medium,0
76,cat,endangered,afternoon,forest,rain,0,0,0,0,0,43,1.2,wildlife_center,medium,1
77,dog,other,evening,rural,fog,0,0,0,0,0,18,43.7,blue_cross,low,1
78,wildlife,endangered,afternoon,urban,storm,0,0,0,0,1,115,24.15,veterinary,critical,0
79,dog,other,morning,rural,rain,0,0,0,0,0,108,28.36,blue_cross,low,1
80,cat,injured,night,highway,rain,1,0,0,1,0,61,15.22,firefighter,critical,1
81,other,injured,morning,rural,rain,0,0,0,0,0,35,9.1,veterinary,low,1
82,wildlife,aggressive,night,forest,clear,0,0,0,0,0,34,14.76,blue_cross,low,1
83,wildlife,injured,afternoon,forest,rain,1,0,0,0,0,87,7.87,blue_cross,critical,0
84,dog,injured,afternoon,forest,storm,1,0,0,0,1,43,35.14,blue_cross,critical,0
85,wildlife,aggressive,morning,highway,clear,0,0,0,1,0,118,21.89,blue_cross,medium,0
86,dog,injured,afternoon,highway,clear,1,0,0,1,0,39,29.02,wildlife_center,critical,1
87,wildlife,endangered,afternoon,highway,fog,0,0,0,1,0,86,40.81,veterinary,critical,0
88,wildlife,endangered,evening,urban,rain,0,0,0,0,0,47,20.88,firefighter,medium,1
89,wildlife,other,morning,water_body,clear,0,0,0,0,0,45,12.99,veterinary,low,0
90,wildlife,other,morning,highway,fog,0,0,0,1,0,57,3.18,blue_cross,medium,1
91,wildlife,aggressive,morning,rural,storm,0,0,0,0,1,75,6.99,blue_cross,low,1
92,wildlife,injured,morning,highway,rain,1,0,0,1,0,6,27.84,veterinary,critical,1
93,dog,aggressive,morning,rural,fog,0,0,0,0,0,96,14.95,blue_cross,low,1
94,wildlife,aggressive,afternoon,water_body,rain,0,0,0,0,0,54,9.94,wildlife_center,low,1
95,bird,aggressive,evening,highway,storm,0,0,0,1,1,110,0.63,blue_cross,medium,0
96,other,aggressive,afternoon,water_body,fog,0,0,0,0,0,49,16.96,firefighter,low,1
97,bird,trapped,afternoon,highway,fog,0,1,0,1,0,34,42.87,firefighter,critical,1
98,wildlife,aggressive,night,rural,fog,0,0,0,0,0,9,6.75,blue_cross,low,1
99,wildlife,injured,night,urban,rain,1,0,0,0,0,24,4.2,blue_cross,critical,1
100,wildlife,injured,evening,highway,fog,1,0,0,1,0,118,38.09,veterinary,critical,0
101,cat,endangered,afternoon,urban,fog,0,0,0,0,0,17,38.14,veterinary,medium,1
102,bird,injured,morning,forest,clear,0,0,0,0,0,23,12.59,firefighter,low,1
103,cat,trapped,afternoon,urban,fog,0,1,0,0,0,84,34.32,firefighter,medium,0
104,cat,trapped,night,forest,fog,0,1,0,0,0,37,33.51,firefighter,medium,0
105,other,trapped,morning,water_body,storm,0,1,0,0,1,80,15.31,firefighter,medium,0
106,wildlife,endangered,afternoon,water_body,fog,0,0,0,0,0,18,12.24,blue_cross,medium,1
107,bird,injured,night,forest,clear,1,0,0,0,0,100,48.69,firefighter,medium,0
108,bird,trapped,evening,rural,rain,0,1,0,0,0,84,12.91,wildlife_center,medium,0
109,dog,endangered,night,urban,storm,0,0,0,0,1,98,7.0,blue_cross,critical,0
110,wildlife,trapped,afternoon,rural,storm,0,1,0,0,1,72,25.34,blue_cross,critical,0
111,bird,aggressive,evening,forest,clear,0,0,0,0,0,64,48.16,wildlife_center,low,0
112,cat,aggressive,evening,urban,fog,0,0,0,0,0,6,13.59,veterinary,low,1
113,bird,other,night,forest,clear,0,0,0,0,0,91,12.07,veterinary,low,0
114,other,endangered,afternoon,urban,fog,0,0,0,0,0,94,15.46,firefighter,medium,1
115,dog,injured,evening,water_body,clear,0,0,1,0,0,22,19.74,blue_cross,medium,1
116,other,aggressive,afternoon,water_body,clear,0,0,0,0,0,111,24.72,firefighter,low,0
117,bird,injured,evening,rural,fog,1,0,0,0,0,51,5.42,blue_cross,medium,1
118,bird,injured,night,forest,rain,1,0,1,0,0,110,23.01,wildlife_center,critical,0
119,other,injured,morning,forest,rain,1,0,1,0,0,31,3.9,wildlife_center,critical,1
120,cat,endangered,afternoon,highway,clear,0,0,0,1,0,40,42.99,wildlife_center,critical,0
121,other,endangered,afternoon,urban,clear,0,0,0,0,0,21,1.24,wildlife_center,medium,1
122,dog,trapped,evening,urban,rain,0,1,0,0,0,99,21.34,veterinary,medium,0
123,wildlife,aggressive,evening,highway,clear,0,0,0,1,0,62,25.44,veterinary,medium,0
124,other,endangered,night,urban,clear,0,0,0,0,0,66,42.44,firefighter,medium,0
125,wildlife,aggressive,morning,urban,storm,0,0,0,0,1,82,7.84,wildlife_center,low,1
126,other,other,evening,water_body,storm,0,0,0,0,1,63,25.52,firefighter,low,1
127,dog,other,afternoon,water_body,fog,0,0,0,0,0,118,11.81,blue_cross,low,0
128,wildlife,aggressive,morning,forest,fog,0,0,0,0,0,45,33.42,blue_cross,low,0
129,wildlife,injured,morning,urban,clear,1,0,1,0,0,52,40.68,veterinary,critical,0
130,other,other,evening,urban,fog,0,0,0,0,0,50,43.74,firefighter,low,0
131,dog,endangered,evening,forest,clear,0,0,0,0,0,78,25.62,wildlife_center,medium,0
132,cat,injured,evening,highway,storm,0,0,0,1,1,33,40.46,veterinary,medium,0
133,bird,injured,afternoon,forest,storm,1,0,0,0,1,28,43.56,firefighter,critical,1
134,dog,injured,afternoon,water_body,fog,1,0,0,0,0,44,36.22,veterinary,medium,0
135,cat,trapped,morning,urban,storm,0,1,0,0,1,61,33.27,firefighter,medium,0
136,wildlife,endangered,afternoon,highway,clear,0,0,0,1,0,49,21.78,blue_cross,critical,0
137,other,aggressive,evening,urban,rain,0,0,0,0,0,55,49.23,veterinary,low,1
138,bird,trapped,afternoon,forest,storm,0,1,0,0,1,46,6.44,firefighter,medium,0
139,cat,trapped,night,highway,rain,0,1,0,1,0,69,28.16,blue_cross,critical,1
140,dog,aggressive,morning,water_body,clear,0,0,0,0,0,115,16.0,firefighter,low,0
141,wildlife,endangered,morning,water_body,clear,0,0,0,0,0,46,9.01,firefighter,medium,0
142,bird,injured,night,urban,rain,1,0,0,0,0,15,20.09,blue_cross,medium,1
143,cat,endangered,afternoon,urban,clear,0,0,0,0,0,72,25.74,blue_cross,medium,1
144,cat,trapped,morning,rural,storm,0,1,0,0,1,30,9.09,wildlife_center,medium,0
145,dog,trapped,night,water_body,fog,0,1,0,0,0,92,46.25,blue_cross,medium,0
146,bird,trapped,night,urban,fog,0,1,0,0,0,61,31.75,blue_cross,medium,0
147,bird,other,morning,forest,fog,0,0,0,0,0,62,2.36,blue_cross,low,0
148,dog,injured,night,water_body,clear,1,0,1,0,0,88,9.82,firefighter,critical,0
149,dog,aggressive,morning,forest,clear,0,0,0,0,0,69,32.48,veterinary,low,1
150,wildlife,aggressive,afternoon,forest,storm,0,0,0,0,1,41,19.68,blue_cross,low,1
151,dog,endangered,morning,forest,clear,0,0,0,0,0,76,34.08,blue_cross,medium,1
152,other,trapped,evening,urban,rain,0,1,0,0,0,49,15.86,firefighter,medium,1
153,dog,endangered,night,forest,rain,0,0,0,0,0,90,35.29,veterinary,medium,0
154,wildlife,other,evening,urban,storm,0,0,0,0,1,44,9.42,wildlife_center,low,1
155,wildlife,trapped,afternoon,rural,rain,0,1,0,0,0,14,15.14,veterinary,critical,1
156,other,other,morning,forest,rain,0,0,0,0,0,81,19.15,wildlife_center,low,1
157,other,trapped,night,urban,fog,0,1,0,0,0,51,33.98,wildlife_center,medium,0
158,other,endangered,night,rural,rain,0,0,0,0,0,44,48.3,firefighter,medium,0
159,cat,endangered,night,water_body,storm,0,0,0,0,1,104,19.4,firefighter,critical,0
160,cat,other,afternoon,forest,clear,0,0,0,0,0,87,24.29,blue_cross,low,1
161,dog,other,morning,forest,clear,0,0,0,0,0,102,8.44,firefighter,low,0
162,cat,aggressive,morning,rural,fog,0,0,0,0,0,118,17.8,veterinary,low,1
163,wildlife,other,evening,rural,fog,0,0,0,0,0,15,19.06,veterinary,low,1
164,dog,endangered,afternoon,rural,clear,0,0,0,0,0,41,45.91,firefighter,medium,0
165,cat,aggressive,night,highway,clear,0,0,0,1,0,120,4.42,blue_cross,medium,1
166,cat,other,night,urban,storm,0,0,0,0,1,35,15.41,veterinary,low,1
167,other,aggressive,morning,urban,fog,0,0,0,0,0,81,27.03,wildlife_center,low,0
168,bird,aggressive,morning,highway,storm,0,0,0,1,1,35,28.75,wildlife_center,medium,1
169,dog,other,evening,urban,clear,0,0,0,0,0,54,43.73,veterinary,low,1
170,bird,endangered,morning,forest,clear,0,0,0,0,0,49,12.44,veterinary,medium,1
171,bird,trapped,morning,forest,storm,0,1,0,0,1,109,32.32,firefighter,medium,0
172,wildlife,trapped,afternoon,urban,fog,0,1,0,0,0,9,15.03,veterinary,critical,1
173,dog,endangered,evening,highway,fog,0,0,0,1,0,109,27.38,blue_cross,critical,1
174,cat,endangered,evening,urban,storm,0,0,0,0,1,39,6.66,blue_cross,critical,1
175,wildlife,aggressive,night,forest,rain,0,0,0,0,0,68,34.76,blue_cross,low,0
176,other,endangered,morning,water_body,clear,0,0,0,0,0,60,30.32,wildlife_center,medium,1
177,bird,injured,morning,forest,storm,0,0,0,0,1,59,8.75,firefighter,low,1
178,dog,endangered,night,forest,clear,0,0,0,0,0,14,33.72,firefighter,medium,1
179,cat,injured,afternoon,highway,fog,0,0,0,1,0,104,32.44,blue_cross,medium,0
180,other,injured,afternoon,water_body,storm,0,0,1,0,1,78,7.32,blue_cross,critical,0
181,bird,trapped,morning,urban,rain,0,1,0,0,0,68,26.13,veterinary,medium,1
182,bird,aggressive,afternoon,highway,storm,0,0,0,1,1,93,45.87,firefighter,medium,0
183,cat,injured,night,rural,fog,1,0,1,0,0,113,49.34,blue_cross,critical,0
184,other,other,evening,forest,rain,0,0,0,0,0,96,35.62,wildlife_center,low,0
185,other,trapped,morning,rural,rain,0,1,0,0,0,35,39.62,veterinary,medium,1
186,other,endangered,night,highway,rain,0,0,0,1,0,83,44.27,veterinary,critical,0
187,wildlife,other,night,water_body,clear,0,0,0,0,0,21,48.63,veterinary,low,1
188,other,endangered,afternoon,highway,rain,0,0,0,1,0,103,48.33,firefighter,critical,0
189,dog,injured,afternoon,forest,rain,0,0,1,0,0,33,17.63,blue_cross,medium,1
190,bird,trapped,evening,rural,storm,0,1,0,0,1,83,26.91,wildlife_center,medium,0
191,other,trapped,afternoon,highway,storm,0,1,0,1,1,112,46.23,veterinary,critical,0
192,dog,injured,morning,highway,storm,1,0,1,1,1,58,31.1,veterinary,critical,0
193,other,endangered,evening,water_body,rain,0,0,0,0,0,108,40.46,firefighter,medium,0
194,dog,injured,afternoon,water_body,fog,1,0,0,0,0,82,7.61,blue_cross,medium,0
195,bird,aggressive,afternoon,forest,clear,0,0,0,0,0,45,12.47,veterinary,low,1
196,cat,trapped,morning,urban,storm,0,1,0,0,1,54,43.28,firefighter,medium,1
197,cat,endangered,evening,rural,rain,0,0,0,0,0,68,49.8,firefighter,medium,0
198,bird,aggressive,morning,urban,fog,0,0,0,0,0,69,23.13,wildlife_center,low,1
199,bird,injured,morning,forest,fog,1,0,1,0,0,91,23.79,veterinary,critical,0
200,wildlife,trapped,evening,forest,fog,0,1,0,0,0,51,2.74,veterinary,critical,1
201,cat,endangered,evening,urban,fog,0,0,0,0,0,69,22.79,blue_cross,medium,0
202,other,other,morning,rural,clear,0,0,0,0,0,55,18.97,blue_cross,low,1
203,bird,trapped,afternoon,highway,fog,0,1,0,1,0,69,2.49,veterinary,critical,1
204,bird,aggressive,night,rural,rain,0,0,0,0,0,46,46.6,blue_cross,low,1
205,other,endangered,evening,highway,fog,0,0,0,1,0,95,28.36,firefighter,critical,0
206,bird,endangered,morning,water_body,storm,0,0,0,0,1,106,44.99,veterinary,critical,0
207,bird,other,afternoon,urban,fog,0,0,0,0,0,26,26.45,firefighter,low,1
208,cat,injured,morning,rural,clear,1,0,0,0,0,57,34.68,firefighter,medium,1
209,other,aggressive,morning,rural,rain,0,0,0,0,0,76,16.59,firefighter,low,1
210,bird,trapped,night,highway,storm,0,1,0,1,1,74,18.04,blue_cross,critical,0
211,cat,trapped,evening,highway,storm,0,1,0,1,1,33,47.1,blue_cross,critical,0
212,cat,aggressive,evening,water_body,storm,0,0,0,0,1,76,46.72,blue_cross,low,0
213,other,other,night,water_body,storm,0,0,0,0,1,103,40.33,blue_cross,low,1
214,dog,endangered,night,forest,fog,0,0,0,0,0,32,10.5,blue_cross,medium,0
215,bird,trapped,morning,highway,rain,0,1,0,1,0,36,3.01,wildlife_center,critical,1
216,dog,injured,night,forest,fog,0,0,1,0,0,5,48.24,wildlife_center,critical,1
217,wildlife,aggressive,afternoon,forest,storm,0,0,0,0,1,41,32.47,veterinary,low,0
218,cat,other,morning,rural,fog,0,0,0,0,0,117,41.96,veterinary,low,0
219,wildlife,aggressive,afternoon,forest,clear,0,0,0,0,0,6,15.27,veterinary,low,1
220,bird,endangered,night,highway,fog,0,0,0,1,0,118,46.96,firefighter,critical,0
221,dog,endangered,afternoon,water_body,storm,0,0,0,0,1,96,9.72,blue_cross,critical,0
222,other,trapped,afternoon,highway,fog,0,1,0,1,0,110,21.67,blue_cross,critical,1
223,dog,trapped,afternoon,water_body,storm,0,1,0,0,1,36,0.84,firefighter,medium,1
224,bird,endangered,evening,highway,clear,0,0,0,1,0,38,32.86,wildlife_center,critical,1
225,dog,aggressive,evening,rural,fog,0,0,0,0,0,92,25.37,blue_cross,low,0
226,bird,endangered,afternoon,rural,rain,0,0,0,0,0,66,8.08,blue_cross,medium,1
227,other,aggressive,afternoon,rural,clear,0,0,0,0,0,72,22.61,blue_cross,low,1
228,other,injured,morning,highway,rain,1,0,0,1,0,46,42.8,firefighter,critical,1
229,cat,other,night,urban,fog,0,0,0,0,0,108,3.25,wildlife_center,low,0
230,wildlife,other,morning,highway,fog,0,0,0,1,0,91,40.44,veterinary,medium,0
231,dog,trapped,morning,urban,fog,0,1,0,0,0,49,35.17,veterinary,medium,0
232,dog,aggressive,morning,forest,fog,0,0,0,0,0,28,38.56,firefighter,low,1
233,wildlife,aggressive,night,water_body,clear,0,0,0,0,0,92,48.23,wildlife_center,low,0
234,bird,injured,afternoon,highway,fog,1,0,1,1,0,33,41.82,veterinary,critical,0
235,wildlife,other,night,highway,fog,0,0,0,1,0,110,11.87,firefighter,medium,1
236,bird,trapped,morning,urban,fog,0,1,0,0,0,83,38.42,veterinary,medium,1
237,dog,injured,morning,water_body,clear,0,0,0,0,0,61,12.1,wildlife_center,low,0
238,dog,trapped,evening,rural,storm,0,1,0,0,1,78,30.1,blue_cross,medium,1
239,cat,other,afternoon,water_body,storm,0,0,0,0,1,40,3.52,wildlife_center,low,1
240,wildlife,other,night,urban,storm,0,0,0,0,1,87,33.73,blue_cross,low,0
241,wildlife,trapped,evening,water_body,rain,0,1,0,0,0,101,27.13,wildlife_center,critical,0
242,bird,trapped,night,urban,fog,0,1,0,0,0,58,28.09,wildlife_center,medium,1
243,bird,trapped,evening,urban,fog,0,1,0,0,0,113,18.87,wildlife_center,medium,1
244,wildlife,other,morning,urban,rain,0,0,0,0,0,107,38.2,wildlife_center,low,0
245,bird,endangered,morning,rural,rain,0,0,0,0,0,99,6.31,firefighter,medium,0
246,other,trapped,night,rural,storm,0,1,0,0,1,104,14.51,firefighter,medium,0
247,bird,endangered,evening,forest,fog,0,0,0,0,0,64,5.38,firefighter,medium,0
248,bird,trapped,evening,forest,fog,0,1,0,0,0,10,28.34,wildlife_center,medium,1
249,dog,endangered,night,forest,rain,0,0,0,0,0,30,16.83,firefighter,medium,1
250,cat,aggressive,evening,forest,fog,0,0,0,0,0,97,32.26,firefighter,low,0
251,bird,trapped,afternoon,highway,fog,0,1,0,1,0,28,45.89,veterinary,critical,1
252,dog,injured,morning,water_body,rain,1,0,0,0,0,95,7.98,wildlife_center,medium,0
253,bird,injured,night,water_body,clear,0,0,0,0,0,6,1.33,blue_cross,low,1
254,bird,injured,night,rural,clear,1,0,0,0,0,35,10.0,blue_cross,medium,1
255,bird,aggressive,morning,forest,fog,0,0,0,0,0,63,28.47,wildlife_center,low,1
256,dog,injured,morning,water_body,fog,0,0,0,0,0,86,0.97,wildlife_center,low,1
257,wildlife,endangered,morning,highway,clear,0,0,0,1,0,34,10.97,firefighter,critical,1
258,dog,endangered,morning,rural,storm,0,0,0,0,1,7,48.09,wildlife_center,critical,0
259,wildlife,injured,evening,rural,rain,1,0,1,0,0,91,44.88,blue_cross,critical,0
260,cat,injured,evening,urban,clear,1,0,1,0,0,48,30.46,firefighter,critical,0
261,bird,injured,evening,water_body,fog,0,0,0,0,0,53,21.88,firefighter,low,1
262,other,endangered,afternoon,urban,clear,0,0,0,0,0,39,8.13,wildlife_center,medium,1
263,bird,endangered,morning,urban,clear,0,0,0,0,0,44,22.51,blue_cross,medium,1
264,dog,trapped,night,water_body,fog,0,1,0,0,0,18,1.8,blue_cross,medium,1
265,other,other,evening,water_body,clear,0,0,0,0,0,42,20.98,veterinary,low,1
266,other,trapped,afternoon,water_body,rain,0,1,0,0,0,22,13.81,blue_cross,medium,1
267,dog,trapped,night,forest,fog,0,1,0,0,0,43,24.47,veterinary,medium,1
268,cat,aggressive,afternoon,water_body,clear,0,0,0,0,0,22,15.58,firefighter,low,1
269,other,aggressive,evening,water_body,storm,0,0,0,0,1,60,40.87,wildlife_center,low,1
270,other,trapped,night,forest,rain,0,1,0,0,0,55,48.45,blue_cross,medium,0
271,wildlife,other,afternoon,forest,fog,0,0,0,0,0,40,40.92,firefighter,low,1
272,other,trapped,afternoon,highway,clear,0,1,0,1,0,98,23.35,wildlife_center,critical,0
273,bird,injured,night,water_body,rain,1,0,0,0,0,89,8.13,firefighter,medium,0
274,dog,aggressive,night,highway,fog,0,0,0,1,0,73,25.58,firefighter,medium,1
275,bird,other,morning,urban,rain,0,0,0,0,0,89,33.4,wildlife_center,low,0
276,dog,other,night,forest,fog,0,0,0,0,0,18,1.02,blue_cross,low,1
277,other,other,afternoon,water_body,storm,0,0,0,0,1,55,23.42,wildlife_center,low,1
278,dog,aggressive,morning,forest,fog,0,0,0,0,0,15,6.25,wildlife_center,low,1
279,bird,aggressive,afternoon,highway,fog,0,0,0,1,0,49,24.07,firefighter,medium,1
280,wildlife,endangered,morning,forest,clear,0,0,0,0,0,108,35.68,veterinary,medium,0
281,dog,trapped,afternoon,highway,rain,0,1,0,1,0,75,8.43,firefighter,critical,0
282,cat,aggressive,afternoon,rural,fog,0,0,0,0,0,55,1.95,wildlife_center,low,1
283,wildlife,aggressive,morning,rural,rain,0,0,0,0,0,40,37.74,veterinary,low,1
284,other,trapped,evening,forest,rain,0,1,0,0,0,63,6.14,firefighter,medium,1
285,bird,other,night,highway,fog,0,0,0,1,0,80,6.15,blue_cross,medium,0
286,other,trapped,evening,highway,clear,0,1,0,1,0,91,7.13,veterinary,critical,1
287,dog,trapped,evening,rural,fog,0,1,0,0,0,58,30.02,firefighter,medium,1
288,wildlife,other,afternoon,highway,rain,0,0,0,1,0,67,14.8,wildlife_center,medium,1
289,wildlife,other,morning,forest,clear,0,0,0,0,0,67,7.26,firefighter,low,0
290,other,aggressive,night,water_body,fog,0,0,0,0,0,95,42.07,firefighter,low,1
291,other,injured,afternoon,forest,clear,0,0,0,0,0,26,39.15,firefighter,low,1
292,dog,other,morning,forest,storm,0,0,0,0,1,74,41.22,veterinary,low,0
293,wildlife,other,afternoon,water_body,clear,0,0,0,0,0,99,41.59,wildlife_center,low,1
294,dog,aggressive,evening,forest,clear,0,0,0,0,0,61,43.33,veterinary,low,0
295,cat,trapped,evening,highway,fog,0,1,0,1,0,26,31.0,wildlife_center,critical,0
296,dog,other,evening,highway,storm,0,0,0,1,1,81,27.17,blue_cross,medium,0
297,bird,endangered,evening,highway,clear,0,0,0,1,0,22,48.16,firefighter,critical,0
298,bird,trapped,afternoon,rural,rain,0,1,0,0,0,96,16.44,wildlife_center,medium,0
299,wildlife,aggressive,afternoon,highway,storm,0,0,0,1,1,85,21.0,firefighter,medium,1
300,dog,aggressive,evening,forest,fog,0,0,0,0,0,67,16.7,veterinary,low,0
301,dog,aggressive,evening,urban,fog,0,0,0,0,0,32,48.42,wildlife_center,low,1
302,bird,endangered,evening,highway,rain,0,0,0,1,0,77,42.69,blue_cross,critical,0
303,dog,injured,morning,water_body,clear,0,0,1,0,0,61,23.1,firefighter,medium,1
304,cat,endangered,afternoon,forest,clear,0,0,0,0,0,88,18.34,veterinary,medium,1
305,cat,injured,night,forest,rain,1,0,0,0,0,17,0.55,firefighter,medium,1
306,other,trapped,night,urban,clear,0,1,0,0,0,94,17.51,veterinary,medium,0
307,wildlife,trapped,night,urban,rain,0,1,0,0,0,54,4.92,veterinary,critical,1
308,bird,endangered,afternoon,water_body,rain,0,0,0,0,0,87,49.65,wildlife_center,medium,1
309,other,injured,afternoon,water_body,storm,1,0,0,0,1,24,46.03,firefighter,critical,0
310,dog,injured,afternoon,urban,fog,0,0,0,0,0,106,7.42,blue_cross,low,0
311,cat,other,evening,urban,storm,0,0,0,0,1,31,26.13,wildlife_center,low,1
312,bird,injured,afternoon,water_body,fog,0,0,0,0,0,81,4.02,veterinary,low,0
313,bird,trapped,night,highway,fog,0,1,0,1,0,51,27.54,wildlife_center,critical,0
314,dog,injured,morning,urban,storm,0,0,1,0,1,106,20.2,blue_cross,critical,0
315,other,aggressive,night,water_body,clear,0,0,0,0,0,86,27.06,wildlife_center,low,1
316,bird,injured,afternoon,rural,storm,0,0,0,0,1,111,32.67,veterinary,low,0
317,wildlife,trapped,morning,rural,clear,0,1,0,0,0,60,6.24,veterinary,critical,1
318,cat,injured,morning,rural,clear,0,0,1,0,0,71,26.1,blue_cross,medium,1
319,cat,endangered,morning,urban,storm,0,0,0,0,1,108,21.75,veterinary,critical,0
320,other,injured,night,water_body,storm,0,0,1,0,1,26,18.7,blue_cross,critical,0
321,other,injured,afternoon,highway,clear,0,0,1,1,0,36,2.78,blue_cross,critical,1
322,cat,trapped,morning,highway,fog,0,1,0,1,0,33,16.43,firefighter,critical,0
323,bird,endangered,morning,highway,storm,0,0,0,1,1,20,25.35,veterinary,critical,1
324,other,injured,night,urban,fog,1,0,1,0,0,44,16.7,firefighter,critical,1
325,cat,endangered,evening,highway,rain,0,0,0,1,0,64,18.73,firefighter,critical,0
326,cat,other,afternoon,rural,clear,0,0,0,0,0,57,1.68,blue_cross,low,1
327,dog,endangered,morning,water_body,storm,0,0,0,0,1,18,10.66,wildlife_center,critical,1
328,dog,trapped,evening,urban,clear,0,1,0,0,0,34,44.92,firefighter,medium,0
329,bird,aggressive,morning,highway,clear,0,0,0,1,0,69,7.11,firefighter,medium,1
330,other,injured,night,rural,rain,0,0,1,0,0,107,19.95,blue_cross,medium,1
331,bird,trapped,morning,rural,rain,0,1,0,0,0,104,38.62,veterinary,medium,1
332,cat,aggressive,night,forest,fog,0,0,0,0,0,20,27.03,wildlife_center,low,1
333,wildlife,endangered,morning,urban,rain,0,0,0,0,0,108,34.46,veterinary,medium,1
334,bird,trapped,morning,rural,storm,0,1,0,0,1,55,25.92,blue_cross,medium,1
335,cat,injured,night,water_body,rain,0,0,0,0,0,106,7.42,veterinary,low,1
336,cat,trapped,afternoon,water_body,storm,0,1,0,0,1,92,31.7,veterinary,medium,0
337,bird,injured,morning,urban,rain,1,0,0,0,0,21,5.05,blue_cross,medium,1
338,wildlife,injured,afternoon,highway,fog,1,0,0,1,0,8,19.45,firefighter,critical,1
339,cat,trapped,evening,forest,fog,0,1,0,0,0,118,7.86,wildlife_center,medium,0
340,wildlife,aggressive,night,urban,clear,0,0,0,0,0,40,19.46,firefighter,low,1
341,other,trapped,morning,water_body,storm,0,1,0,0,1,66,27.45,firefighter,medium,1
342,other,other,evening,water_body,storm,0,0,0,0,1,28,1.79,wildlife_center,low,1
343,bird,injured,night,highway,storm,1,0,1,1,1,25,5.46,wildlife_center,critical,1
344,dog,trapped,night,forest,rain,0,1,0,0,0,27,12.21,blue_cross,medium,1
345,bird,other,morning,forest,rain,0,0,0,0,0,77,47.44,firefighter,low,0
346,cat,aggressive,morning,urban,clear,0,0,0,0,0,34,30.28,veterinary,low,1
347,dog,endangered,afternoon,rural,storm,0,0,0,0,1,96,9.28,blue_cross,critical,1
348,cat,other,afternoon,urban,storm,0,0,0,0,1,14,18.99,firefighter,low,1
349,bird,endangered,evening,rural,rain,0,0,0,0,0,98,47.46,firefighter,medium,0
350,cat,other,evening,rural,rain,0,0,0,0,0,53,15.69,blue_cross,low,1
351,dog,other,night,highway,clear,0,0,0,1,0,28,30.32,wildlife_center,medium,1
352,dog,aggressive,afternoon,forest,clear,0,0,0,0,0,35,17.67,blue_cross,low,1
353,dog,endangered,night,urban,storm,0,0,0,0,1,31,12.85,veterinary,critical,1
354,dog,injured,morning,water_body,fog,1,0,1,0,0,118,20.99,firefighter,critical,0
355,wildlife,injured,night,highway,rain,0,0,0,1,0,113,2.15,veterinary,critical,0
356,dog,injured,evening,rural,fog,0,0,0,0,0,119,48.91,blue_cross,low,0
357,other,aggressive,morning,water_body,rain,0,0,0,0,0,82,44.54,wildlife_center,low,1
358,bird,trapped,afternoon,water_body,storm,0,1,0,0,1,89,14.44,wildlife_center,medium,1
359,wildlife,other,night,rural,clear,0,0,0,0,0,51,0.69,veterinary,low,1
360,other,aggressive,afternoon,urban,clear,0,0,0,0,0,31,8.96,blue_cross,low,0
361,wildlife,injured,evening,water_body,fog,1,0,0,0,0,16,32.27,firefighter,critical,1
362,wildlife,endangered,afternoon,water_body,clear,0,0,0,0,0,38,22.27,blue_cross,medium,1
363,bird,other,morning,rural,clear,0,0,0,0,0,15,33.57,firefighter,low,0
364,other,trapped,morning,water_body,fog,0,1,0,0,0,73,34.51,firefighter,medium,0
365,cat,aggressive,evening,urban,fog,0,0,0,0,0,120,42.77,veterinary,low,0
366,other,other,afternoon,urban,fog,0,0,0,0,0,27,47.48,wildlife_center,low,0
367,cat,trapped,morning,water_body,clear,0,1,0,0,0,92,22.05,wildlife_center,medium,0
368,bird,endangered,morning,urban,fog,0,0,0,0,0,76,20.17,blue_cross,medium,0
369,other,aggressive,morning,highway,fog,0,0,0,1,0,19,21.01,wildlife_center,medium,1
370,other,injured,morning,highway,clear,1,0,1,1,0,117,17.52,firefighter,critical,0
371,wildlife,other,night,urban,rain,0,0,0,0,0,40,20.45,firefighter,low,1
372,bird,trapped,morning,water_body,storm,0,1,0,0,1,119,18.94,blue_cross,medium,0
373,bird,endangered,evening,water_body,clear,0,0,0,0,0,116,11.78,blue_cross,medium,0
374,wildlife,endangered,evening,water_body,clear,0,0,0,0,0,29,22.36,firefighter,medium,1
375,other,endangered,morning,highway,rain,0,0,0,1,0,13,15.9,firefighter,critical,1
376,other,other,morning,rural,rain,0,0,0,0,0,117,41.73,veterinary,low,1
377,wildlife,injured,evening,rural,storm,0,0,0,0,1,55,31.95,veterinary,medium,0
378,cat,endangered,night,highway,fog,0,0,0,1,0,27,48.05,firefighter,critical,1
379,bird,endangered,afternoon,forest,clear,0,0,0,0,0,41,1.86,veterinary,medium,1
380,other,trapped,afternoon,rural,rain,0,1,0,0,0,39,32.75,veterinary,medium,0
381,dog,aggressive,afternoon,rural,clear,0,0,0,0,0,33,12.99,blue_cross,low,1
382,bird,aggressive,night,forest,fog,0,0,0,0,0,37,11.3,blue_cross,low,1
383,other,aggressive,morning,urban,storm,0,0,0,0,1,76,32.54,blue_cross,low,1
384,dog,aggressive,morning,forest,storm,0,0,0,0,1,86,16.59,blue_cross,low,1
385,bird,trapped,afternoon,highway,rain,0,1,0,1,0,120,3.31,firefighter,critical,0
386,cat,injured,night,forest,storm,1,0,0,0,1,99,2.25,wildlife_center,critical,0
387,cat,other,night,forest,storm,0,0,0,0,1,113,8.91,wildlife_center,medium,1
388,wildlife,trapped,evening,highway,rain,0,1,0,1,0,92,45.03,veterinary,critical,0
389,cat,endangered,night,forest,storm,0,0,0,0,1,38,29.49,firefighter,critical,0
390,wildlife,injured,morning,water_body,rain,1,0,1,0,0,53,26.73,firefighter,critical,1
391,cat,trapped,afternoon,forest,fog,0,1,0,0,0,77,44.7,firefighter,medium,1
392,cat,injured,night,forest,rain,0,0,0,0,0,62,14.04,wildlife_center,low,1
393,cat,aggressive,morning,rural,fog,0,0,0,0,0,86,21.76,firefighter,low,0
394,wildlife,injured,morning,highway,rain,1,0,1,1,0,119,16.45,wildlife_center,critical,1
395,dog,trapped,afternoon,forest,storm,0,1,0,0,1,21,5.58,blue_cross,medium,1
396,dog,endangered,evening,water_body,storm,0,0,0,0,1,60,44.45,wildlife_center,critical,0
397,wildlife,endangered,afternoon,rural,fog,0,0,0,0,0,7,11.81,wildlife_center,medium,1
398,dog,other,afternoon,urban,storm,0,0,0,0,1,96,32.7,veterinary,low,0
399,bird,other,morning,highway,clear,0,0,0,1,0,89,5.85,veterinary,medium,1
400,dog,aggressive,night,water_body,clear,0,0,0,0,0,75,13.01,wildlife_center,low,1
401,dog,endangered,night,urban,storm,0,0,0,0,1,84,30.48,wildlife_center,critical,0
402,dog,other,morning,forest,clear,0,0,0,0,0,105,5.76,wildlife_center,low,0
403,bird,other,afternoon,forest,fog,0,0,0,0,0,42,8.44,firefighter,low,0
404,wildlife,endangered,afternoon,urban,clear,0,0,0,0,0,90,4.91,veterinary,medium,0
405,wildlife,trapped,morning,highway,clear,0,1,0,1,0,97,36.32,blue_cross,critical,0
406,wildlife,endangered,evening,water_body,clear,0,0,0,0,0,17,40.75,veterinary,medium,0
407,bird,endangered,night,urban,clear,0,0,0,0,0,113,38.03,veterinary,medium,1
408,cat,trapped,evening,forest,fog,0,1,0,0,0,84,13.78,veterinary,medium,1
409,bird,trapped,morning,water_body,fog,0,1,0,0,0,63,13.96,firefighter,medium,0
410,wildlife,aggressive,afternoon,urban,rain,0,0,0,0,0,94,36.46,wildlife_center,low,1
411,other,aggressive,night,rural,fog,0,0,0,0,0,104,18.25,veterinary,low,0
412,cat,aggressive,night,urban,fog,0,0,0,0,0,61,2.78,blue_cross,low,0
413,dog,other,afternoon,forest,clear,0,0,0,0,0,60,33.25,wildlife_center,low,1
414,wildlife,trapped,morning,urban,rain,0,1,0,0,0,69,42.52,firefighter,critical,0
415,dog,aggressive,evening,rural,storm,0,0,0,0,1,40,2.99,wildlife_center,low,1
416,wildlife,aggressive,afternoon,urban,fog,0,0,0,0,0,61,40.16,firefighter,low,1
417,wildlife,aggressive,evening,urban,fog,0,0,0,0,0,100,32.84,veterinary,low,0
418,dog,other,morning,urban,storm,0,0,0,0,1,118,25.66,wildlife_center,low,0
419,wildlife,endangered,evening,urban,rain,0,0,0,0,0,113,23.0,firefighter,medium,0
420,bird,aggressive,morning,urban,rain,0,0,0,0,0,5,17.4,blue_cross,low,1
421,bird,injured,morning,rural,fog,0,0,1,0,0,97,20.76,blue_cross,medium,0
422,cat,injured,night,rural,fog,1,0,0,0,0,48,5.83,firefighter,medium,1
423,other,injured,night,water_body,rain,1,0,0,0,0,99,2.9,firefighter,medium,0
424,wildlife,other,afternoon,highway,rain,0,0,0,1,0,98,40.85,veterinary,medium,0
425,other,other,evening,highway,fog,0,0,0,1,0,58,48.99,wildlife_center,medium,1
426,bird,endangered,night,rural,rain,0,0,0,0,0,57,30.32,blue_cross,medium,0
427,other,endangered,afternoon,rural,rain,0,0,0,0,0,84,35.86,blue_cross,medium,0
428,cat,trapped,evening,urban,storm,0,1,0,0,1,76,24.28,firefighter,medium,0
429,other,endangered,night,urban,clear,0,0,0,0,0,8,19.35,veterinary,medium,1
430,cat,endangered,afternoon,forest,storm,0,0,0,0,1,23,42.05,blue_cross,critical,1
431,other,injured,evening,water_body,clear,1,0,0,0,0,76,43.31,firefighter,medium,1
432,bird,injured,night,water_body,fog,1,0,1,0,0,45,48.31,veterinary,critical,1
433,bird,trapped,night,rural,storm,0,1,0,0,1,101,29.63,wildlife_center,medium,0
434,cat,endangered,night,rural,clear,0,0,0,0,0,28,48.14,veterinary,medium,1
435,wildlife,endangered,evening,rural,rain,0,0,0,0,0,79,42.38,veterinary,medium,1
436,cat,injured,afternoon,forest,clear,1,0,0,0,0,112,33.26,firefighter,medium,0
437,other,endangered,morning,forest,rain,0,0,0,0,0,28,26.27,wildlife_center,medium,1
438,other,aggressive,morning,forest,rain,0,0,0,0,0,118,11.06,blue_cross,low,1
439,bird,trapped,night,highway,clear,0,1,0,1,0,19,33.61,firefighter,critical,1
440,other,other,afternoon,urban,storm,0,0,0,0,1,53,45.84,veterinary,low,1
441,other,endangered,morning,highway,storm,0,0,0,1,1,70,40.24,firefighter,critical,0
442,bird,trapped,evening,highway,clear,0,1,0,1,0,17,8.79,veterinary,critical,1
443,cat,trapped,night,urban,rain,0,1,0,0,0,73,41.52,firefighter,medium,0
444,dog,trapped,morning,water_body,storm,0,1,0,0,1,9,4.83,veterinary,medium,1
445,bird,other,morning,highway,rain,0,0,0,1,0,38,20.68,firefighter,medium,1
446,wildlife,endangered,morning,water_body,clear,0,0,0,0,0,73,0.79,veterinary,medium,0
447,other,injured,morning,forest,clear,0,0,0,0,0,82,4.78,firefighter,low,1
448,dog,aggressive,afternoon,highway,rain,0,0,0,1,0,22,37.46,blue_cross,medium,0
449,cat,endangered,evening,urban,rain,0,0,0,0,0,20,2.57,firefighter,medium,1
450,dog,endangered,afternoon,forest,rain,0,0,0,0,0,57,45.33,wildlife_center,medium,1
451,cat,other,evening,rural,clear,0,0,0,0,0,28,33.71,veterinary,low,0
452,other,aggressive,morning,forest,clear,0,0,0,0,0,37,5.36,firefighter,low,0
453,bird,trapped,afternoon,urban,storm,0,1,0,0,1,84,3.96,wildlife_center,medium,1
454,wildlife,endangered,evening,highway,rain,0,0,0,1,0,77,28.56,blue_cross,critical,0
455,cat,injured,evening,rural,rain,1,0,0,0,0,40,42.09,wildlife_center,medium,0
456,bird,aggressive,night,water_body,storm,0,0,0,0,1,104,15.62,veterinary,low,1
457,other,injured,evening,rural,rain,0,0,1,0,0,14,36.51,veterinary,medium,0
458,dog,other,night,highway,rain,0,0,0,1,0,9,27.8,firefighter,medium,1
459,cat,endangered,night,rural,storm,0,0,0,0,1,22,23.5,veterinary,critical,1
460,other,injured,afternoon,highway,rain,1,0,0,1,0,25,9.37,wildlife_center,critical,1
461,wildlife,endangered,morning,rural,fog,0,0,0,0,0,34,3.61,blue_cross,medium,1
462,cat,other,evening,water_body,fog,0,0,0,0,0,63,44.14,veterinary,low,0
463,bird,injured,evening,forest,rain,0,0,0,0,0,80,32.84,veterinary,low,0
464,wildlife,trapped,night,forest,storm,0,1,0,0,1,67,39.74,veterinary,critical,0
465,cat,aggressive,afternoon,rural,clear,0,0,0,0,0,70,32.35,wildlife_center,low,1
466,cat,endangered,morning,rural,fog,0,0,0,0,0,108,16.85,veterinary,medium,1
467,wildlife,aggressive,afternoon,highway,rain,0,0,0,1,0,87,41.75,veterinary,medium,1
468,cat,other,afternoon,rural,clear,0,0,0,0,0,119,28.83,veterinary,low,1
469,cat,other,night,highway,clear,0,0,0,1,0,117,36.12,blue_cross,medium,0
470,cat,aggressive,night,water_body,rain,0,0,0,0,0,33,41.6,wildlife_center,low,0
471,cat,other,evening,rural,storm,0,0,0,0,1,63,30.03,veterinary,low,1
472,wildlife,trapped,morning,urban,rain,0,1,0,0,0,71,43.05,firefighter,critical,0
473,other,injured,afternoon,water_body,clear,1,0,0,0,0,101,6.32,firefighter,medium,0
474,other,other,morning,water_body,fog,0,0,0,0,0,52,43.8,firefighter,low,1
475,wildlife,aggressive,evening,highway,clear,0,0,0,1,0,59,7.13,firefighter,medium,1
476,dog,endangered,night,forest,rain,0,0,0,0,0,5,35.6,veterinary,medium,1
477,dog,other,morning,water_body,rain,0,0,0,0,0,93,40.31,firefighter,low,0
478,cat,aggressive,evening,forest,fog,0,0,0,0,0,77,18.6,blue_cross,low,0
479,wildlife,trapped,night,highway,fog,0,1,0,1,0,27,18.83,firefighter,critical,1
480,bird,other,evening,water_body,rain,0,0,0,0,0,114,43.26,veterinary,low,0
481,wildlife,trapped,morning,rural,fog,0,1,0,0,0,105,17.25,veterinary,critical,1
482,dog,injured,afternoon,water_body,fog,0,0,0,0,0,52,4.46,veterinary,low,1
483,wildlife,other,evening,highway,clear,0,0,0,1,0,104,41.1,firefighter,medium,0
484,cat,other,evening,rural,clear,0,0,0,0,0,105,30.18,wildlife_center,low,0
485,dog,endangered,afternoon,urban,rain,0,0,0,0,0,16,49.84,firefighter,medium,1
486,wildlife,aggressive,afternoon,highway,clear,0,0,0,1,0,99,35.33,veterinary,medium,0
487,other,other,evening,forest,storm,0,0,0,0,1,33,30.51,wildlife_center,low,1
488,wildlife,other,morning,forest,rain,0,0,0,0,0,57,25.56,veterinary,low,1
489,bird,injured,evening,highway,storm,1,0,1,1,1,77,24.44,wildlife_center,critical,0
490,wildlife,aggressive,morning,water_body,clear,0,0,0,0,0,38,3.84,wildlife_center,low,1
491,cat,endangered,night,forest,clear,0,0,0,0,0,94,41.69,wildlife_center,medium,0
492,wildlife,endangered,morning,highway,rain,0,0,0,1,0,65,16.04,wildlife_center,critical,0
493,bird,trapped,afternoon,water_body,rain,0,1,0,0,0,35,36.9,blue_cross,medium,1
494,cat,trapped,evening,rural,clear,0,1,0,0,0,20,46.05,firefighter,medium,1
495,other,injured,night,forest,storm,1,0,1,0,1,119,28.94,blue_cross,critical,0
496,other,endangered,night,rural,rain,0,0,0,0,0,11,26.52,firefighter,medium,1
497,other,injured,evening,water_body,rain,1,0,0,0,0,71,23.27,veterinary,medium,1
498,cat,aggressive,morning,forest,storm,0,0,0,0,1,83,43.16,wildlife_center,low,0
499,cat,endangered,night,highway,storm,0,0,0,1,1,51,9.6,firefighter,critical,1
500,bird,endangered,night,forest,fog,0,0,0,0,0,28,28.78,wildlife_center,medium,1
501,bird,trapped,night,water_body,rain,0,1,0,0,0,23,40.1,wildlife_center,medium,1
502,dog,trapped,night,water_body,rain,0,1,0,0,0,119,42.54,blue_cross,medium,0
503,bird,endangered,morning,water_body,clear,0,0,0,0,0,93,8.59,wildlife_center,medium,0
504,wildlife,injured,night,forest,storm,0,0,0,0,1,108,13.26,veterinary,critical,0
505,bird,other,afternoon,highway,rain,0,0,0,1,0,104,14.59,blue_cross,medium,0
506,wildlife,aggressive,morning,water_body,storm,0,0,0,0,1,64,31.77,wildlife_center,low,0
507,bird,aggressive,night,urban,clear,0,0,0,0,0,25,17.51,blue_cross,low,1
508,bird,endangered,night,forest,fog,0,0,0,0,0,104,43.21,blue_cross,medium,0
509,other,aggressive,night,rural,rain,0,0,0,0,0,114,1.64,wildlife_center,low,0
510,dog,trapped,afternoon,water_body,clear,0,1,0,0,0,17,3.66,firefighter,medium,1
511,dog,aggressive,morning,urban,storm,0,0,0,0,1,84,8.19,firefighter,low,1
512,cat,endangered,night,rural,rain,0,0,0,0,0,72,42.01,veterinary,medium,1
513,bird,endangered,night,water_body,storm,0,0,0,0,1,75,22.52,wildlife_center,critical,0
514,wildlife,other,night,highway,storm,0,0,0,1,1,49,24.34,wildlife_center,critical,0
515,wildlife,endangered,evening,water_body,storm,0,0,0,0,1,24,15.53,veterinary,critical,1
516,cat,endangered,evening,water_body,clear,0,0,0,0,0,93,46.14,firefighter,medium,0
517,wildlife,endangered,afternoon,urban,storm,0,0,0,0,1,29,20.88,firefighter,critical,1
518,cat,aggressive,night,rural,storm,0,0,0,0,1,15,21.4,wildlife_center,low,1
519,other,endangered,evening,highway,storm,0,0,0,1,1,57,9.81,veterinary,critical,1
520,bird,injured,night,highway,fog,0,0,0,1,0,29,16.37,wildlife_center,medium,1
521,other,injured,afternoon,urban,storm,0,0,1,0,1,98,0.91,veterinary,critical,0
522,wildlife,trapped,evening,water_body,storm,0,1,0,0,1,105,40.07,blue_cross,critical,0
523,dog,endangered,morning,rural,clear,0,0,0,0,0,39,38.89,veterinary,medium,1
524,cat,trapped,evening,water_body,clear,0,1,0,0,0,20,48.74,wildlife_center,medium,1
525,wildlife,trapped,morning,rural,fog,0,1,0,0,0,99,38.66,wildlife_center,critical,0
526,bird,endangered,afternoon,urban,clear,0,0,0,0,0,37,24.32,blue_cross,medium,1
527,dog,trapped,morning,rural,fog,0,1,0,0,0,46,1.25,blue_cross,medium,1
528,wildlife,trapped,morning,urban,fog,0,1,0,0,0,93,30.01,blue_cross,critical,0
529,cat,trapped,night,urban,storm,0,1,0,0,1,102,31.44,veterinary,medium,0
530,cat,other,morning,rural,fog,0,0,0,0,0,34,16.18,blue_cross,low,1
531,wildlife,trapped,morning,water_body,storm,0,1,0,0,1,97,7.17,veterinary,critical,0
532,wildlife,other,evening,highway,fog,0,0,0,1,0,29,28.55,blue_cross,medium,1
533,wildlife,endangered,afternoon,urban,rain,0,0,0,0,0,62,15.14,blue_cross,medium,1
534,wildlife,injured,night,rural,clear,1,0,0,0,0,84,12.32,veterinary,critical,0
535,other,aggressive,afternoon,highway,fog,0,0,0,1,0,103,27.8,blue_cross,medium,1
536,bird,injured,morning,highway,clear,0,0,1,1,0,27,43.74,wildlife_center,critical,1
537,cat,injured,morning,highway,fog,1,0,0,1,0,94,29.72,veterinary,critical,0
538,other,injured,morning,rural,fog,1,0,1,0,0,64,40.15,veterinary,critical,0
539,wildlife,endangered,morning,highway,storm,0,0,0,1,1,72,2.51,veterinary,critical,0
540,dog,trapped,morning,urban,rain,0,1,0,0,0,73,19.57,wildlife_center,medium,1
541,cat,other,afternoon,highway,fog,0,0,0,1,0,100,5.72,blue_cross,medium,0
542,wildlife,injured,afternoon,rural,fog,1,0,0,0,0,73,49.92,firefighter,critical,0
543,bird,other,evening,forest,fog,0,0,0,0,0,102,31.85,blue_cross,low,0
544,other,other,afternoon,water_body,storm,0,0,0,0,1,51,48.1,firefighter,low,0
545,dog,injured,evening,highway,clear,1,0,1,1,0,43,0.83,wildlife_center,critical,1
546,bird,injured,evening,highway,rain,0,0,0,1,0,24,7.35,blue_cross,medium,0
547,cat,trapped,evening,forest,clear,0,1,0,0,0,78,20.29,wildlife_center,medium,0
548,bird,aggressive,afternoon,water_body,clear,0,0,0,0,0,81,32.29,veterinary,low,0
549,other,aggressive,morning,urban,storm,0,0,0,0,1,49,44.05,firefighter,low,1
550,dog,trapped,morning,water_body,clear,0,1,0,0,0,44,26.46,blue_cross,medium,1
551,cat,endangered,afternoon,rural,clear,0,0,0,0,0,91,36.71,firefighter,medium,0
552,other,other,morning,rural,fog,0,0,0,0,0,42,39.43,wildlife_center,low,1
553,dog,aggressive,morning,highway,fog,0,0,0,1,0,38,4.71,firefighter,medium,1
554,cat,trapped,night,highway,rain,0,1,0,1,0,67,20.07,wildlife_center,critical,0
555,other,trapped,afternoon,urban,storm,0,1,0,0,1,104,21.79,veterinary,medium,1
556,wildlife,aggressive,evening,forest,rain,0,0,0,0,0,46,17.55,veterinary,low,1
557,cat,endangered,night,highway,rain,0,0,0,1,0,61,2.72,wildlife_center,critical,1
558,bird,trapped,morning,urban,clear,0,1,0,0,0,36,47.47,wildlife_center,medium,0
559,bird,injured,evening,urban,storm,1,0,0,0,1,31,37.13,wildlife_center,critical,1
560,other,endangered,night,highway,rain,0,0,0,1,0,93,35.09,veterinary,critical,0
561,other,injured,evening,rural,clear,0,0,1,0,0,84,13.93,firefighter,medium,0
562,dog,injured,night,forest,storm,1,0,0,0,1,116,44.23,firefighter,critical,0
563,wildlife,other,morning,forest,fog,0,0,0,0,0,115,30.06,veterinary,low,1
564,other,aggressive,morning,urban,rain,0,0,0,0,0,72,15.59,firefighter,low,1
565,cat,injured,evening,forest,storm,1,0,0,0,1,69,14.16,veterinary,critical,0
566,wildlife,injured,evening,rural,rain,0,0,0,0,0,22,4.85,firefighter,medium,1
567,other,trapped,night,rural,rain,0,1,0,0,0,59,48.54,blue_cross,medium,1
568,cat,trapped,afternoon,highway,rain,0,1,0,1,0,115,7.34,wildlife_center,critical,0
569,cat,other,afternoon,forest,clear,0,0,0,0,0,76,26.88,veterinary,low,1
570,cat,injured,evening,water_body,fog,0,0,1,0,0,110,44.76,blue_cross,medium,0
571,cat,injured,afternoon,rural,clear,1,0,0,0,0,39,30.48,wildlife_center,medium,1
572,cat,injured,evening,urban,fog,0,0,1,0,0,65,35.74,blue_cross,medium,1
573,wildlife,aggressive,night,rural,rain,0,0,0,0,0,29,11.7,firefighter,low,1
574,dog,endangered,night,rural,rain,0,0,0,0,0,101,10.63,wildlife_center,medium,0
575,wildlife,other,night,forest,fog,0,0,0,0,0,118,12.72,firefighter,low,0
576,other,aggressive,evening,water_body,clear,0,0,0,0,0,71,5.91,firefighter,low,0
577,dog,trapped,night,urban,fog,0,1,0,0,0,71,38.38,veterinary,medium,1
578,wildlife,aggressive,evening,forest,fog,0,0,0,0,0,26,21.41,veterinary,low,1
579,cat,aggressive,night,urban,clear,0,0,0,0,0,28,39.05,wildlife_center,low,1
580,bird,aggressive,morning,rural,fog,0,0,0,0,0,80,44.88,wildlife_center,low,0
581,dog,endangered,evening,rural,clear,0,0,0,0,0,16,6.15,firefighter,medium,1
582,dog,other,night,highway,rain,0,0,0,1,0,53,27.74,veterinary,medium,1
583,bird,other,afternoon,rural,rain,0,0,0,0,0,27,38.57,veterinary,low,1
584,bird,aggressive,evening,rural,clear,0,0,0,0,0,120,7.01,wildlife_center,low,1
585,bird,injured,night,water_body,fog,1,0,0,0,0,117,24.93,wildlife_center,medium,0
586,wildlife,aggressive,night,water_body,clear,0,0,0,0,0,81,30.21,wildlife_center,low,0
587,bird,other,afternoon,urban,rain,0,0,0,0,0,23,3.23,blue_cross,low,1
588,dog,other,evening,forest,clear,0,0,0,0,0,11,5.89,wildlife_center,low,1
589,bird,other,afternoon,water_body,storm,0,0,0,0,1,9,5.11,blue_cross,low,1
590,wildlife,injured,night,highway,clear,0,0,0,1,0,93,43.04,blue_cross,critical,0
591,other,trapped,afternoon,highway,clear,0,1,0,1,0,18,28.78,veterinary,critical,1
592,other,endangered,night,highway,storm,0,0,0,1,1,38,26.51,blue_cross,critical,0
593,other,other,night,highway,fog,0,0,0,1,0,68,40.5,wildlife_center,medium,0
594,cat,injured,morning,urban,fog,1,0,0,0,0,113,10.76,firefighter,medium,1
595,bird,endangered,afternoon,urban,rain,0,0,0,0,0,93,14.44,veterinary,medium,1
596,other,other,evening,urban,clear,0,0,0,0,0,92,17.0,firefighter,low,0
597,other,injured,afternoon,rural,storm,1,0,1,0,1,66,45.85,veterinary,critical,0
598,wildlife,trapped,night,highway,storm,0,1,0,1,1,64,39.31,firefighter,critical,0
599,dog,other,evening,highway,storm,0,0,0,1,1,76,27.03,wildlife_center,medium,0
600,bird,endangered,morning,rural,storm,0,0,0,0,1,112,2.04,firefighter,critical,0
601,cat,other,night,rural,clear,0,0,0,0,0,115,39.23,blue_cross,low,0
602,bird,injured,evening,water_body,clear,1,0,0,0,0,62,41.56,blue_cross,medium,1
603,bird,trapped,morning,forest,clear,0,1,0,0,0,104,10.5,veterinary,medium,1
604,dog,aggressive,afternoon,rural,storm,0,0,0,0,1,66,36.76,blue_cross,low,0
605,cat,injured,afternoon,rural,clear,1,0,1,0,0,71,6.23,blue_cross,critical,0
606,other,injured,evening,water_body,clear,0,0,1,0,0,100,15.97,blue_cross,medium,0
607,cat,endangered,afternoon,rural,storm,0,0,0,0,1,40,26.85,firefighter,critical,1
608,bird,trapped,afternoon,forest,clear,0,1,0,0,0,6,47.94,veterinary,medium,1
609,bird,other,evening,forest,rain,0,0,0,0,0,95,40.3,wildlife_center,low,1
610,bird,other,evening,highway,fog,0,0,0,1,0,11,6.94,firefighter,medium,1
611,dog,injured,night,urban,clear,1,0,0,0,0,81,44.62,firefighter,medium,0
612,bird,endangered,afternoon,highway,clear,0,0,0,1,0,101,38.34,wildlife_center,critical,1
613,wildlife,injured,night,forest,fog,1,0,1,0,0,23,43.12,blue_cross,critical,0
614,wildlife,trapped,evening,forest,fog,0,1,0,0,0,67,2.0,firefighter,critical,1
615,wildlife,aggressive,afternoon,forest,storm,0,0,0,0,1,82,28.95,veterinary,low,1
616,dog,endangered,morning,forest,fog,0,0,0,0,0,56,29.73,wildlife_center,medium,1
617,other,trapped,night,water_body,clear,0,1,0,0,0,48,10.81,firefighter,medium,0
618,wildlife,other,evening,highway,rain,0,0,0,1,0,27,33.3,veterinary,medium,0
619,other,aggressive,morning,highway,fog,0,0,0,1,0,46,27.98,firefighter,medium,1
620,wildlife,injured,morning,highway,fog,0,0,0,1,0,12,4.98,wildlife_center,critical,1
621,dog,trapped,afternoon,water_body,storm,0,1,0,0,1,54,30.97,firefighter,medium,1
622,bird,endangered,evening,water_body,storm,0,0,0,0,1,16,29.34,firefighter,critical,0
623,bird,injured,evening,highway,clear,0,0,0,1,0,50,5.93,blue_cross,medium,0
624,cat,aggressive,night,forest,fog,0,0,0,0,0,56,19.39,wildlife_center,low,1
625,wildlife,trapped,afternoon,highway,fog,0,1,0,1,0,112,46.26,firefighter,critical,0
626,cat,trapped,morning,urban,clear,0,1,0,0,0,23,36.21,firefighter,medium,0
627,cat,injured,afternoon,water_body,fog,1,0,0,0,0,59,31.35,firefighter,medium,1
628,other,aggressive,night,forest,rain,0,0,0,0,0,28,21.53,veterinary,low,1
629,cat,other,evening,water_body,storm,0,0,0,0,1,9,48.92,firefighter,low,0
630,dog,other,night,urban,rain,0,0,0,0,0,98,36.7,blue_cross,low,0
631,dog,other,morning,rural,fog,0,0,0,0,0,85,37.21,veterinary,low,0
632,other,other,evening,highway,clear,0,0,0,1,0,120,17.51,veterinary,medium,0
633,other,aggressive,evening,water_body,storm,0,0,0,0,1,107,15.08,wildlife_center,low,1
634,other,endangered,evening,urban,fog,0,0,0,0,0,79,8.87,veterinary,medium,0
635,bird,other,morning,forest,fog,0,0,0,0,0,15,6.78,veterinary,low,1
636,bird,endangered,afternoon,highway,storm,0,0,0,1,1,40,42.96,veterinary,critical,0
637,other,trapped,afternoon,water_body,storm,0,1,0,0,1,108,9.18,wildlife_center,medium,0
638,other,injured,evening,urban,rain,1,0,1,0,0,112,25.05,firefighter,critical,0
639,cat,aggressive,afternoon,rural,storm,0,0,0,0,1,11,32.29,veterinary,low,1
640,wildlife,aggressive,night,forest,fog,0,0,0,0,0,100,47.44,wildlife_center,low,1
641,wildlife,aggressive,evening,rural,fog,0,0,0,0,0,6,14.8,firefighter,low,1
642,bird,other,morning,urban,storm,0,0,0,0,1,113,21.87,blue_cross,low,1
643,bird,injured,evening,highway,fog,1,0,0,1,0,35,36.85,wildlife_center,critical,1
644,cat,endangered,morning,urban,clear,0,0,0,0,0,6,20.86,veterinary,medium,1
645,bird,trapped,evening,forest,rain,0,1,0,0,0,9,1.67,veterinary,medium,1
646,other,trapped,morning,urban,clear,0,1,0,0,0,114,30.43,firefighter,medium,0
647,other,trapped,morning,rural,storm,0,1,0,0,1,42,23.61,veterinary,medium,1
648,bird,aggressive,evening,forest,rain,0,0,0,0,0,104,4.16,veterinary,low,1
649,bird,injured,evening,forest,rain,1,0,0,0,0,30,30.71,wildlife_center,medium,1
650,dog,trapped,night,rural,clear,0,1,0,0,0,61,35.91,veterinary,medium,1
651,dog,other,evening,water_body,clear,0,0,0,0,0,119,25.14,veterinary,low,0
652,wildlife,endangered,afternoon,forest,fog,0,0,0,0,0,78,0.68,firefighter,medium,1
653,wildlife,injured,afternoon,urban,fog,1,0,1,0,0,66,6.5,blue_cross,critical,1
654,bird,aggressive,morning,urban,storm,0,0,0,0,1,73,42.74,blue_cross,low,1
655,wildlife,endangered,afternoon,rural,clear,0,0,0,0,0,54,33.21,blue_cross,medium,0
656,dog,endangered,night,urban,fog,0,0,0,0,0,99,9.88,veterinary,medium,1
657,other,trapped,night,water_body,clear,0,1,0,0,0,106,27.26,blue_cross,medium,0
658,wildlife,injured,morning,forest,clear,0,0,1,0,0,56,6.35,firefighter,critical,0
659,other,trapped,afternoon,urban,clear,0,1,0,0,0,99,7.51,veterinary,medium,0
660,other,injured,afternoon,rural,clear,0,0,0,0,0,44,41.13,veterinary,low,1
661,cat,other,morning,urban,clear,0,0,0,0,0,68,29.95,wildlife_center,low,1
662,cat,aggressive,evening,water_body,storm,0,0,0,0,1,20,48.8,wildlife_center,low,1
663,cat,injured,afternoon,forest,clear,0,0,0,0,0,58,8.82,blue_cross,low,1
664,wildlife,trapped,morning,rural,clear,0,1,0,0,0,106,42.44,firefighter,critical,0
665,dog,aggressive,morning,urban,clear,0,0,0,0,0,27,46.34,blue_cross,low,1
666,wildlife,trapped,afternoon,rural,storm,0,1,0,0,1,71,22.8,wildlife_center,critical,0
667,other,injured,afternoon,water_body,clear,1,0,1,0,0,49,21.23,wildlife_center,critical,1
668,other,injured,evening,highway,rain,1,0,0,1,0,31,14.18,wildlife_center,critical,1
669,cat,aggressive,night,rural,rain,0,0,0,0,0,90,46.17,veterinary,low,0
670,bird,trapped,night,forest,storm,0,1,0,0,1,83,40.36,firefighter,critical,1
671,dog,other,afternoon,rural,clear,0,0,0,0,0,67,25.99,veterinary,low,0
672,wildlife,other,evening,water_body,rain,0,0,0,0,0,100,34.0,blue_cross,low,0
673,dog,endangered,afternoon,urban,rain,0,0,0,0,0,99,20.92,wildlife_center,medium,1
674,cat,injured,night,highway,fog,0,0,0,1,0,32,46.43,firefighter,medium,1
675,bird,trapped,night,rural,storm,0,1,0,0,1,39,10.51,wildlife_center,medium,1
676,other,injured,evening,rural,clear,1,0,0,0,0,26,38.14,wildlife_center,medium,0
677,other,trapped,afternoon,highway,rain,0,1,0,1,0,16,20.88,firefighter,critical,1
678,cat,other,night,water_body,storm,0,0,0,0,1,6,36.64,wildlife_center,low,1
679,wildlife,other,afternoon,highway,rain,0,0,0,1,0,78,44.96,firefighter,medium,0
680,dog,aggressive,morning,water_body,fog,0,0,0,0,0,66,40.58,veterinary,low,0
681,cat,injured,morning,water_body,rain,0,0,0,0,0,87,49.95,veterinary,low,0
682,bird,trapped,night,highway,clear,0,1,0,1,0,63,23.46,wildlife_center,critical,0
683,wildlife,trapped,evening,water_body,clear,0,1,0,0,0,115,31.55,firefighter,critical,0
684,bird,other,morning,forest,fog,0,0,0,0,0,101,13.85,wildlife_center,low,0
685,dog,other,evening,urban,storm,0,0,0,0,1,118,3.05,firefighter,low,0
686,other,injured,evening,forest,rain,1,0,1,0,0,76,35.61,wildlife_center,critical,1
687,bird,trapped,morning,water_body,rain,0,1,0,0,0,101,37.38,wildlife_center,medium,0
688,bird,other,night,forest,clear,0,0,0,0,0,13,18.95,firefighter,low,1
689,other,injured,night,highway,storm,1,0,0,1,1,91,47.3,veterinary,critical,0
690,wildlife,injured,morning,water_body,rain,0,0,1,0,0,18,8.66,veterinary,critical,1
691,wildlife,trapped,afternoon,highway,clear,0,1,0,1,0,42,21.12,wildlife_center,critical,1
692,wildlife,aggressive,morning,forest,rain,0,0,0,0,0,13,1.59,wildlife_center,low,1
693,other,endangered,night,highway,storm,0,0,0,1,1,88,32.48,blue_cross,critical,0
694,other,other,night,water_body,storm,0,0,0,0,1,77,7.03,blue_cross,low,1
695,bird,trapped,night,forest,storm,0,1,0,0,1,103,42.35,wildlife_center,critical,0
696,wildlife,trapped,afternoon,highway,storm,0,1,0,1,1,28,48.67,wildlife_center,critical,1
697,dog,injured,evening,highway,rain,1,0,0,1,0,31,28.34,veterinary,critical,1
698,bird,trapped,evening,water_body,rain,0,1,0,0,0,73,15.43,veterinary,medium,1
699,wildlife,trapped,night,forest,rain,0,1,0,0,0,5,48.52,blue_cross,critical,1
700,bird,aggressive,evening,highway,rain,0,0,0,1,0,107,28.48,firefighter,medium,1
701,dog,aggressive,morning,rural,clear,0,0,0,0,0,44,1.73,wildlife_center,low,1
702,dog,endangered,morning,highway,rain,0,0,0,1,0,79,26.56,blue_cross,critical,1
703,dog,other,night,urban,fog,0,0,0,0,0,29,24.78,veterinary,low,1
704,bird,aggressive,afternoon,water_body,storm,0,0,0,0,1,54,18.96,blue_cross,low,1
705,bird,aggressive,morning,rural,fog,0,0,0,0,0,99,49.63,firefighter,low,1
706,wildlife,aggressive,afternoon,highway,clear,0,0,0,1,0,23,10.79,firefighter,medium,0
707,other,endangered,morning,highway,fog,0,0,0,1,0,16,0.83,blue_cross,critical,1
708,other,aggressive,afternoon,rural,rain,0,0,0,0,0,111,19.4,firefighter,low,1
709,bird,other,evening,water_body,fog,0,0,0,0,0,33,1.83,veterinary,low,1
710,bird,aggressive,morning,forest,fog,0,0,0,0,0,27,24.85,wildlife_center,low,1
711,bird,aggressive,morning,highway,storm,0,0,0,1,1,79,24.28,firefighter,medium,0
712,wildlife,injured,evening,highway,clear,1,0,0,1,0,12,7.73,firefighter,critical,1
713,cat,endangered,afternoon,urban,storm,0,0,0,0,1,51,21.27,blue_cross,critical,1
714,bird,other,morning,highway,rain,0,0,0,1,0,103,31.59,veterinary,medium,0
715,cat,other,evening,forest,storm,0,0,0,0,1,39,34.43,blue_cross,low,1
716,other,endangered,afternoon,urban,rain,0,0,0,0,0,71,14.43,firefighter,medium,1
717,cat,injured,afternoon,rural,rain,1,0,1,0,0,76,30.86,veterinary,critical,0
718,dog,injured,afternoon,urban,fog,0,0,0,0,0,22,40.94,blue_cross,low,1
719,bird,injured,morning,rural,rain,1,0,0,0,0,34,15.72,wildlife_center,medium,1
720,dog,aggressive,morning,urban,clear,0,0,0,0,0,104,24.47,firefighter,low,1
721,dog,injured,morning,water_body,clear,1,0,0,0,0,43,33.55,veterinary,medium,0
722,other,trapped,afternoon,rural,storm,0,1,0,0,1,8,4.99,blue_cross,medium,0
723,bird,endangered,afternoon,highway,rain,0,0,0,1,0,69,28.73,veterinary,critical,0
724,dog,other,afternoon,rural,storm,0,0,0,0,1,26,45.13,veterinary,low,0
725,dog,trapped,night,forest,rain,0,1,0,0,0,61,33.84,veterinary,medium,1
726,bird,aggressive,night,rural,rain,0,0,0,0,0,57,6.09,blue_cross,low,1
727,dog,other,afternoon,water_body,storm,0,0,0,0,1,95,14.77,veterinary,low,1
728,wildlife,injured,night,forest,fog,1,0,0,0,0,112,22.48,firefighter,critical,0
729,wildlife,trapped,morning,water_body,storm,0,1,0,0,1,27,1.13,firefighter,critical,0
730,wildlife,aggressive,morning,urban,rain,0,0,0,0,0,55,20.33,veterinary,low,1
731,cat,injured,evening,rural,storm,0,0,1,0,1,56,6.58,firefighter,critical,0
732,bird,other,evening,water_body,storm,0,0,0,0,1,65,33.5,firefighter,low,0
733,other,endangered,afternoon,water_body,clear,0,0,0,0,0,20,12.91,firefighter,medium,1
734,cat,injured,morning,urban,clear,1,0,0,0,0,27,19.44,blue_cross,medium,1
735,other,other,morning,urban,fog,0,0,0,0,0,106,23.57,blue_cross,low,0
736,wildlife,other,evening,highway,storm,0,0,0,1,1,108,43.05,veterinary,medium,0
737,dog,aggressive,morning,water_body,fog,0,0,0,0,0,45,42.72,firefighter,low,1
738,dog,trapped,evening,rural,fog,0,1,0,0,0,60,7.16,firefighter,medium,1
739,dog,other,night,highway,fog,0,0,0,1,0,65,28.33,wildlife_center,medium,1
740,wildlife,endangered,night,highway,fog,0,0,0,1,0,83,33.99,blue_cross,critical,0
741,dog,other,morning,rural,storm,0,0,0,0,1,49,40.57,veterinary,low,0
742,bird,aggressive,morning,water_body,storm,0,0,0,0,1,50,20.89,veterinary,low,0
743,cat,trapped,evening,highway,clear,0,1,0,1,0,93,3.74,blue_cross,critical,1
744,cat,injured,evening,urban,fog,1,0,0,0,0,70,45.12,blue_cross,medium,1
745,wildlife,other,morning,forest,fog,0,0,0,0,0,78,19.82,veterinary,low,0
746,dog,trapped,evening,water_body,storm,0,1,0,0,1,26,30.93,blue_cross,medium,0
747,cat,aggressive,morning,highway,rain,0,0,0,1,0,41,13.63,blue_cross,medium,0
748,wildlife,trapped,morning,highway,clear,0,1,0,1,0,80,17.17,veterinary,critical,0
749,other,aggressive,night,rural,storm,0,0,0,0,1,106,4.29,blue_cross,low,0
750,bird,aggressive,evening,rural,fog,0,0,0,0,0,56,12.94,firefighter,low,1
751,other,trapped,morning,highway,rain,0,1,0,1,0,78,25.21,firefighter,critical,1
752,other,other,night,highway,clear,0,0,0,1,0,71,10.43,firefighter,medium,1
753,cat,endangered,night,water_body,storm,0,0,0,0,1,115,41.6,veterinary,critical,0
754,wildlife,endangered,evening,rural,storm,0,0,0,0,1,92,30.26,firefighter,critical,0
755,cat,trapped,morning,rural,storm,0,1,0,0,1,64,24.53,firefighter,medium,1
756,dog,trapped,afternoon,forest,rain,0,1,0,0,0,8,13.29,blue_cross,medium,1
757,cat,injured,night,urban,clear,1,0,0,0,0,82,15.25,veterinary,medium,0
758,wildlife,endangered,morning,water_body,rain,0,0,0,0,0,35,6.04,veterinary,medium,1
759,other,other,evening,water_body,clear,0,0,0,0,0,35,30.19,blue_cross,low,1
760,other,aggressive,afternoon,water_body,rain,0,0,0,0,0,23,5.79,wildlife_center,low,0
761,wildlife,aggressive,evening,highway,clear,0,0,0,1,0,67,26.91,veterinary,medium,1
762,wildlife,aggressive,afternoon,forest,rain,0,0,0,0,0,51,24.02,blue_cross,low,1
763,dog,other,morning,urban,rain,0,0,0,0,0,37,27.86,blue_cross,low,1
764,bird,injured,afternoon,water_body,fog,0,0,1,0,0,37,15.39,wildlife_center,medium,1
765,cat,aggressive,evening,water_body,clear,0,0,0,0,0,40,43.39,firefighter,low,1
766,wildlife,endangered,night,urban,rain,0,0,0,0,0,94,13.42,veterinary,medium,1
767,other,other,evening,water_body,clear,0,0,0,0,0,102,3.08,wildlife_center,low,0
768,cat,injured,night,rural,storm,0,0,0,0,1,25,12.86,wildlife_center,low,0
769,wildlife,endangered,night,water_body,rain,0,0,0,0,0,38,9.09,blue_cross,medium,0
770,cat,injured,night,forest,rain,0,0,0,0,0,111,44.27,wildlife_center,low,1
771,dog,other,afternoon,urban,fog,0,0,0,0,0,30,13.46,wildlife_center,low,1
772,other,aggressive,evening,rural,clear,0,0,0,0,0,52,8.92,veterinary,low,1
773,other,aggressive,night,water_body,clear,0,0,0,0,0,33,35.82,wildlife_center,low,0
774,bird,endangered,night,water_body,rain,0,0,0,0,0,60,42.89,wildlife_center,medium,0
775,bird,trapped,night,rural,fog,0,1,0,0,0,106,7.72,blue_cross,medium,0
776,cat,other,night,rural,storm,0,0,0,0,1,79,34.37,firefighter,low,1
777,wildlife,trapped,evening,water_body,rain,0,1,0,0,0,96,19.48,firefighter,critical,0
778,bird,injured,morning,highway,clear,0,0,1,1,0,65,45.46,veterinary,critical,1
779,other,other,night,forest,fog,0,0,0,0,0,90,18.86,veterinary,low,1
780,bird,trapped,night,forest,fog,0,1,0,0,0,21,4.94,firefighter,medium,1
781,dog,endangered,morning,rural,fog,0,0,0,0,0,116,48.68,blue_cross,medium,0
782,wildlife,endangered,evening,highway,storm,0,0,0,1,1,71,15.99,wildlife_center,critical,1
783,wildlife,trapped,night,urban,rain,0,1,0,0,0,24,3.2,wildlife_center,critical,1
784,bird,trapped,night,water_body,clear,0,1,0,0,0,119,46.4,veterinary,medium,0
785,other,aggressive,night,water_body,clear,0,0,0,0,0,113,36.13,wildlife_center,low,1
786,dog,trapped,evening,rural,rain,0,1,0,0,0,100,25.68,blue_cross,medium,0
787,other,trapped,morning,highway,rain,0,1,0,1,0,58,46.06,wildlife_center,critical,0
788,dog,endangered,morning,forest,clear,0,0,0,0,0,55,18.99,veterinary,medium,1
789,cat,injured,morning,water_body,fog,1,0,1,0,0,81,33.07,blue_cross,critical,0
790,other,aggressive,evening,highway,rain,0,0,0,1,0,32,43.23,blue_cross,medium,1
791,dog,injured,night,urban,fog,0,0,0,0,0,103,43.34,veterinary,low,1
792,cat,trapped,night,water_body,storm,0,1,0,0,1,87,37.75,wildlife_center,medium,1
793,wildlife,aggressive,evening,highway,rain,0,0,0,1,0,50,33.44,blue_cross,medium,1
794,wildlife,aggressive,night,water_body,storm,0,0,0,0,1,77,30.22,veterinary,low,0
795,bird,other,afternoon,water_body,fog,0,0,0,0,0,16,2.5,blue_cross,low,0
796,cat,trapped,night,highway,clear,0,1,0,1,0,42,23.68,veterinary,critical,1
797,wildlife,endangered,afternoon,rural,storm,0,0,0,0,1,112,12.81,firefighter,critical,0
798,dog,other,morning,urban,clear,0,0,0,0,0,70,21.53,veterinary,low,1
799,other,endangered,evening,forest,clear,0,0,0,0,0,103,25.42,veterinary,medium,0
800,wildlife,trapped,afternoon,water_body,clear,0,1,0,0,0,15,21.1,blue_cross,critical,1
801,wildlife,aggressive,evening,forest,rain,0,0,0,0,0,32,9.66,blue_cross,low,1
802,dog,aggressive,morning,urban,fog,0,0,0,0,0,19,1.16,firefighter,low,1
803,wildlife,other,night,forest,storm,0,0,0,0,1,93,33.85,firefighter,medium,0
804,dog,trapped,afternoon,urban,rain,0,1,0,0,0,19,40.89,wildlife_center,medium,0
805,cat,aggressive,afternoon,rural,fog,0,0,0,0,0,112,31.49,wildlife_center,low,1
806,wildlife,trapped,night,water_body,clear,0,1,0,0,0,19,8.72,wildlife_center,critical,1
807,wildlife,aggressive,night,urban,fog,0,0,0,0,0,79,12.51,blue_cross,low,1
808,wildlife,injured,evening,urban,clear,1,0,1,0,0,58,42.51,blue_cross,critical,1
809,wildlife,aggressive,night,rural,clear,0,0,0,0,0,72,1.44,blue_cross,low,1
810,bird,aggressive,night,urban,fog,0,0,0,0,0,84,46.98,blue_cross,low,1
811,wildlife,injured,afternoon,forest,rain,1,0,0,0,0,69,11.38,blue_cross,critical,0
812,wildlife,trapped,evening,water_body,fog,0,1,0,0,0,111,47.09,blue_cross,critical,0
813,cat,other,afternoon,forest,clear,0,0,0,0,0,90,24.4,wildlife_center,low,1
814,other,aggressive,morning,water_body,fog,0,0,0,0,0,43,12.12,veterinary,low,0
815,bird,endangered,evening,rural,rain,0,0,0,0,0,110,43.04,veterinary,medium,0
816,bird,aggressive,morning,highway,rain,0,0,0,1,0,20,28.32,firefighter,medium,1
817,bird,endangered,morning,highway,storm,0,0,0,1,1,119,7.98,veterinary,critical,0
818,wildlife,aggressive,morning,urban,clear,0,0,0,0,0,110,28.34,veterinary,low,1
819,dog,trapped,evening,rural,storm,0,1,0,0,1,95,22.36,firefighter,medium,0
820,dog,trapped,evening,forest,rain,0,1,0,0,0,20,42.51,firefighter,medium,0
821,dog,trapped,night,forest,storm,0,1,0,0,1,69,8.98,blue_cross,critical,0
822,wildlife,endangered,afternoon,rural,fog,0,0,0,0,0,105,11.8,firefighter,medium,1
823,wildlife,aggressive,evening,urban,fog,0,0,0,0,0,23,38.62,veterinary,low,1
824,bird,aggressive,afternoon,water_body,clear,0,0,0,0,0,55,38.08,wildlife_center,low,0
825,dog,other,evening,water_body,fog,0,0,0,0,0,118,34.2,blue_cross,low,0
826,bird,endangered,morning,forest,rain,0,0,0,0,0,94,20.49,wildlife_center,medium,0
827,other,other,night,forest,fog,0,0,0,0,0,104,10.27,blue_cross,low,1
828,other,endangered,night,rural,storm,0,0,0,0,1,32,5.09,blue_cross,critical,1
829,cat,injured,morning,highway,storm,0,0,1,1,1,97,21.43,veterinary,critical,0
830,bird,endangered,evening,urban,clear,0,0,0,0,0,101,32.72,veterinary,medium,0
831,other,injured,night,forest,rain,1,0,1,0,0,77,35.88,wildlife_center,critical,0
832,bird,other,afternoon,water_body,rain,0,0,0,0,0,18,16.73,wildlife_center,low,1
833,bird,aggressive,morning,rural,fog,0,0,0,0,0,111,20.9,veterinary,low,1
834,cat,aggressive,afternoon,water_body,clear,0,0,0,0,0,52,34.0,firefighter,low,1
835,other,aggressive,evening,highway,fog,0,0,0,1,0,86,21.46,firefighter,medium,0
836,wildlife,aggressive,afternoon,rural,rain,0,0,0,0,0,67,35.7,wildlife_center,low,0
837,other,other,morning,rural,fog,0,0,0,0,0,65,2.11,wildlife_center,low,0
838,bird,injured,night,urban,clear,0,0,0,0,0,71,8.09,blue_cross,low,1
839,bird,endangered,evening,water_body,clear,0,0,0,0,0,106,7.57,firefighter,medium,1
840,bird,endangered,afternoon,rural,fog,0,0,0,0,0,5,6.56,blue_cross,medium,1
841,dog,aggressive,night,highway,storm,0,0,0,1,1,77,22.89,blue_cross,critical,0
842,wildlife,other,afternoon,rural,fog,0,0,0,0,0,102,22.77,firefighter,low,1
843,bird,injured,night,water_body,rain,1,0,0,0,0,10,47.92,firefighter,medium,0
844,dog,trapped,morning,highway,storm,0,1,0,1,1,76,32.44,veterinary,critical,0
845,other,other,morning,highway,rain,0,0,0,1,0,101,24.05,veterinary,medium,1
846,other,trapped,morning,forest,rain,0,1,0,0,0,36,41.57,firefighter,medium,1
847,other,other,evening,water_body,clear,0,0,0,0,0,67,43.17,veterinary,low,1
848,cat,aggressive,morning,highway,storm,0,0,0,1,1,53,13.23,veterinary,medium,0
849,other,trapped,evening,rural,rain,0,1,0,0,0,37,38.53,wildlife_center,medium,1
850,wildlife,trapped,morning,highway,storm,0,1,0,1,1,28,1.84,veterinary,critical,1
851,dog,endangered,afternoon,water_body,storm,0,0,0,0,1,38,19.09,veterinary,critical,1
852,cat,other,afternoon,water_body,fog,0,0,0,0,0,19,13.83,blue_cross,low,1
853,wildlife,injured,night,urban,fog,1,0,1,0,0,7,13.82,veterinary,critical,1
854,other,trapped,evening,highway,fog,0,1,0,1,0,62,4.65,wildlife_center,critical,0
855,cat,endangered,afternoon,rural,fog,0,0,0,0,0,76,22.86,veterinary,medium,0
856,other,endangered,afternoon,urban,clear,0,0,0,0,0,66,14.03,blue_cross,medium,0
857,wildlife,endangered,afternoon,highway,storm,0,0,0,1,1,10,8.49,veterinary,critical,1
858,wildlife,injured,afternoon,highway,storm,1,0,0,1,1,69,47.89,blue_cross,critical,0
859,bird,endangered,night,forest,rain,0,0,0,0,0,89,49.16,blue_cross,medium,1
860,other,endangered,morning,rural,clear,0,0,0,0,0,82,24.09,veterinary,medium,0
861,wildlife,other,night,water_body,clear,0,0,0,0,0,105,43.9,veterinary,low,0
862,wildlife,injured,evening,water_body,storm,0,0,1,0,1,108,35.0,veterinary,critical,0
863,bird,trapped,night,urban,rain,0,1,0,0,0,100,1.48,blue_cross,medium,0
864,bird,trapped,morning,highway,storm,0,1,0,1,1,108,36.03,wildlife_center,critical,0
865,bird,injured,evening,water_body,rain,0,0,1,0,0,86,20.11,blue_cross,medium,0
866,wildlife,trapped,afternoon,highway,rain,0,1,0,1,0,13,29.61,veterinary,critical,1
867,other,trapped,evening,rural,clear,0,1,0,0,0,93,34.05,blue_cross,medium,0
868,wildlife,injured,night,urban,storm,1,0,1,0,1,40,6.53,firefighter,critical,1
869,other,injured,afternoon,urban,storm,1,0,0,0,1,45,0.76,wildlife_center,critical,1
870,other,injured,afternoon,water_body,clear,1,0,0,0,0,47,15.88,veterinary,medium,1
871,wildlife,injured,evening,forest,rain,0,0,0,0,0,48,41.71,blue_cross,medium,1
872,cat,injured,night,urban,fog,1,0,0,0,0,12,45.88,firefighter,medium,1
873,dog,trapped,morning,water_body,clear,0,1,0,0,0,43,30.73,firefighter,medium,1
874,dog,other,morning,forest,fog,0,0,0,0,0,56,5.24,firefighter,low,1
875,other,other,morning,water_body,fog,0,0,0,0,0,64,39.86,veterinary,low,1
876,dog,aggressive,evening,highway,rain,0,0,0,1,0,18,5.58,veterinary,medium,1
877,cat,other,afternoon,highway,storm,0,0,0,1,1,50,21.34,firefighter,medium,1
878,cat,injured,morning,rural,storm,1,0,0,0,1,88,37.84,blue_cross,critical,0
879,other,trapped,afternoon,water_body,storm,0,1,0,0,1,82,17.47,blue_cross,medium,0
880,other,other,afternoon,urban,rain,0,0,0,0,0,69,41.05,veterinary,low,1
881,cat,trapped,afternoon,urban,storm,0,1,0,0,1,29,33.56,firefighter,medium,0
882,bird,other,evening,highway,storm,0,0,0,1,1,58,16.77,veterinary,medium,1
883,dog,aggressive,afternoon,urban,rain,0,0,0,0,0,93,11.9,wildlife_center,low,1
884,bird,aggressive,afternoon,water_body,rain,0,0,0,0,0,110,49.5,blue_cross,low,1
885,bird,injured,morning,rural,storm,1,0,0,0,1,102,18.32,veterinary,critical,0
886,bird,trapped,afternoon,forest,rain,0,1,0,0,0,48,42.45,wildlife_center,medium,1
887,dog,trapped,evening,urban,clear,0,1,0,0,0,111,34.03,firefighter,medium,0
888,dog,endangered,afternoon,forest,fog,0,0,0,0,0,35,18.8,blue_cross,medium,1
889,other,other,night,urban,clear,0,0,0,0,0,23,44.19,wildlife_center,low,0
890,cat,other,night,forest,storm,0,0,0,0,1,81,21.76,wildlife_center,medium,0
891,other,other,afternoon,highway,storm,0,0,0,1,1,106,7.85,wildlife_center,medium,1
892,bird,trapped,night,rural,clear,0,1,0,0,0,105,23.8,veterinary,medium,1
893,wildlife,other,evening,water_body,fog,0,0,0,0,0,27,16.43,blue_cross,low,1
894,wildlife,aggressive,night,forest,fog,0,0,0,0,0,86,46.1,veterinary,low,1
895,cat,aggressive,afternoon,water_body,rain,0,0,0,0,0,44,21.54,firefighter,low,1
896,bird,endangered,morning,rural,clear,0,0,0,0,0,42,22.5,blue_cross,medium,1
897,dog,aggressive,evening,water_body,fog,0,0,0,0,0,64,21.91,blue_cross,low,0
898,bird,endangered,night,urban,rain,0,0,0,0,0,61,12.07,veterinary,medium,1
899,dog,endangered,morning,forest,rain,0,0,0,0,0,17,6.37,blue_cross,medium,1
900,cat,endangered,afternoon,forest,storm,0,0,0,0,1,43,37.39,blue_cross,critical,1
901,other,trapped,evening,urban,storm,0,1,0,0,1,41,41.2,firefighter,medium,0
902,other,injured,night,highway,rain,1,0,0,1,0,97,37.58,firefighter,critical,0
903,other,other,night,water_body,storm,0,0,0,0,1,106,4.75,wildlife_center,low,0
904,wildlife,trapped,night,water_body,clear,0,1,0,0,0,52,7.38,wildlife_center,critical,1
905,dog,aggressive,evening,forest,rain,0,0,0,0,0,58,21.57,firefighter,low,1
906,other,endangered,evening,highway,clear,0,0,0,1,0,77,39.38,wildlife_center,critical,1
907,bird,other,night,water_body,rain,0,0,0,0,0,55,3.65,firefighter,low,1
908,dog,endangered,night,forest,clear,0,0,0,0,0,26,5.66,wildlife_center,medium,1
909,other,aggressive,morning,rural,rain,0,0,0,0,0,13,45.61,firefighter,low,1
910,cat,endangered,morning,water_body,clear,0,0,0,0,0,52,26.17,wildlife_center,medium,1
911,wildlife,aggressive,afternoon,urban,rain,0,0,0,0,0,73,21.21,veterinary,low,1
912,cat,trapped,afternoon,forest,fog,0,1,0,0,0,109,35.63,firefighter,medium,1
913,other,endangered,afternoon,highway,fog,0,0,0,1,0,40,10.48,wildlife_center,critical,1
914,wildlife,other,afternoon,highway,storm,0,0,0,1,1,77,44.02,firefighter,medium,0
915,dog,injured,evening,water_body,storm,1,0,1,0,1,43,19.86,wildlife_center,critical,1
916,cat,other,night,water_body,fog,0,0,0,0,0,89,9.58,veterinary,low,1
917,dog,trapped,afternoon,forest,storm,0,1,0,0,1,90,45.86,wildlife_center,medium,0
918,wildlife,other,morning,forest,clear,0,0,0,0,0,101,5.71,blue_cross,low,1
919,cat,endangered,afternoon,highway,clear,0,0,0,1,0,64,1.82,firefighter,critical,1
920,wildlife,trapped,night,urban,clear,0,1,0,0,0,37,6.18,wildlife_center,critical,1
921,wildlife,aggressive,night,urban,clear,0,0,0,0,0,75,33.02,firefighter,low,1
922,bird,trapped,afternoon,urban,clear,0,1,0,0,0,27,15.06,firefighter,medium,1
923,dog,endangered,afternoon,water_body,storm,0,0,0,0,1,27,11.23,veterinary,critical,0
924,other,trapped,night,urban,clear,0,1,0,0,0,54,34.67,firefighter,medium,1
925,dog,injured,night,rural,rain,0,0,0,0,0,16,1.29,veterinary,low,1
926,bird,trapped,morning,rural,clear,0,1,0,0,0,107,41.85,wildlife_center,medium,0
927,dog,aggressive,morning,forest,storm,0,0,0,0,1,76,31.53,wildlife_center,low,0
928,wildlife,aggressive,morning,rural,rain,0,0,0,0,0,18,18.15,wildlife_center,low,1
929,bird,injured,night,rural,fog,0,0,0,0,0,40,32.67,blue_cross,low,1
930,cat,aggressive,evening,highway,fog,0,0,0,1,0,18,35.77,wildlife_center,medium,1
931,dog,other,evening,water_body,rain,0,0,0,0,0,47,9.18,blue_cross,low,0
932,wildlife,injured,evening,urban,fog,0,0,0,0,0,34,25.42,veterinary,medium,1
933,other,injured,evening,rural,fog,1,0,0,0,0,12,7.31,firefighter,medium,1
934,cat,aggressive,afternoon,urban,rain,0,0,0,0,0,97,30.1,firefighter,low,0
935,bird,trapped,evening,forest,clear,0,1,0,0,0,71,39.69,firefighter,medium,0
936,bird,injured,afternoon,forest,storm,0,0,0,0,1,90,49.42,wildlife_center,low,0
937,wildlife,other,evening,rural,fog,0,0,0,0,0,85,0.8,firefighter,low,1
938,cat,injured,afternoon,rural,rain,0,0,0,0,0,111,39.86,wildlife_center,low,1
939,dog,aggressive,night,forest,rain,0,0,0,0,0,97,10.28,firefighter,low,1
940,cat,endangered,evening,highway,fog,0,0,0,1,0,86,10.47,firefighter,critical,1
941,bird,aggressive,night,rural,fog,0,0,0,0,0,61,21.42,firefighter,low,0
942,wildlife,injured,night,water_body,clear,1,0,1,0,0,81,27.09,wildlife_center,critical,1
943,wildlife,endangered,night,forest,fog,0,0,0,0,0,76,30.5,veterinary,medium,1
944,wildlife,trapped,afternoon,rural,clear,0,1,0,0,0,6,43.15,blue_cross,critical,1
945,wildlife,aggressive,evening,water_body,fog,0,0,0,0,0,44,32.23,veterinary,low,1
946,dog,injured,night,highway,rain,0,0,0,1,0,37,38.68,blue_cross,medium,1
947,wildlife,endangered,morning,water_body,fog,0,0,0,0,0,99,12.72,firefighter,medium,1
948,bird,injured,afternoon,forest,fog,1,0,0,0,0,36,30.31,wildlife_center,medium,1
949,dog,aggressive,night,highway,clear,0,0,0,1,0,71,45.54,firefighter,medium,1
950,wildlife,endangered,evening,highway,fog,0,0,0,1,0,80,15.74,firefighter,critical,0
951,dog,injured,evening,rural,storm,1,0,1,0,1,55,35.1,veterinary,critical,0
952,wildlife,injured,morning,urban,fog,1,0,0,0,0,98,21.83,wildlife_center,critical,0
953,cat,trapped,night,rural,clear,0,1,0,0,0,62,28.57,wildlife_center,medium,1
954,dog,trapped,afternoon,forest,fog,0,1,0,0,0,61,31.53,veterinary,medium,0
955,cat,injured,evening,urban,fog,0,0,0,0,0,8,29.49,firefighter,low,1
956,dog,injured,morning,forest,clear,1,0,1,0,0,10,5.29,veterinary,critical,1
957,other,endangered,night,water_body,storm,0,0,0,0,1,82,21.76,blue_cross,critical,0
958,bird,endangered,afternoon,forest,fog,0,0,0,0,0,53,30.74,blue_cross,medium,0
959,dog,injured,night,water_body,rain,0,0,0,0,0,72,14.33,wildlife_center,low,1
960,other,aggressive,night,rural,clear,0,0,0,0,0,86,47.9,blue_cross,low,1
961,bird,injured,evening,water_body,rain,1,0,0,0,0,83,39.8,blue_cross,medium,0
962,wildlife,injured,night,forest,rain,1,0,1,0,0,117,28.81,veterinary,critical,1
963,dog,endangered,night,rural,fog,0,0,0,0,0,19,24.37,wildlife_center,medium,1
964,cat,injured,morning,water_body,clear,0,0,1,0,0,120,19.48,blue_cross,medium,1
965,bird,aggressive,morning,rural,fog,0,0,0,0,0,16,39.88,blue_cross,low,0
966,other,other,morning,forest,fog,0,0,0,0,0,96,37.28,firefighter,low,0
967,other,aggressive,afternoon,rural,storm,0,0,0,0,1,19,14.9,veterinary,low,1
968,other,trapped,morning,highway,storm,0,1,0,1,1,21,42.74,firefighter,critical,0
969,dog,endangered,morning,highway,rain,0,0,0,1,0,113,19.71,firefighter,critical,0
970,bird,trapped,afternoon,urban,fog,0,1,0,0,0,6,27.15,firefighter,medium,1
971,bird,trapped,night,water_body,rain,0,1,0,0,0,81,14.53,veterinary,medium,0
972,bird,other,morning,forest,fog,0,0,0,0,0,85,41.52,firefighter,low,1
973,wildlife,injured,evening,rural,rain,1,0,1,0,0,33,35.17,veterinary,critical,0
974,cat,aggressive,night,forest,rain,0,0,0,0,0,7,27.62,blue_cross,low,1
975,wildlife,endangered,night,water_body,clear,0,0,0,0,0,72,36.47,blue_cross,medium,0
976,cat,other,night,urban,rain,0,0,0,0,0,46,37.74,veterinary,low,0
977,bird,aggressive,afternoon,highway,rain,0,0,0,1,0,61,34.95,blue_cross,medium,0
978,cat,trapped,afternoon,urban,storm,0,1,0,0,1,97,42.88,veterinary,medium,0
979,cat,aggressive,night,rural,clear,0,0,0,0,0,17,18.1,firefighter,low,1
980,dog,injured,evening,highway,fog,1,0,0,1,0,56,12.63,veterinary,critical,1
981,wildlife,endangered,afternoon,water_body,clear,0,0,0,0,0,104,23.45,firefighter,medium,1
982,wildlife,endangered,morning,urban,clear,0,0,0,0,0,15,6.54,wildlife_center,medium,1
983,other,other,night,forest,clear,0,0,0,0,0,106,29.85,firefighter,low,1
984,wildlife,endangered,afternoon,urban,storm,0,0,0,0,1,13,35.83,wildlife_center,critical,1
985,dog,aggressive,night,urban,clear,0,0,0,0,0,101,37.77,veterinary,low,1
986,other,trapped,morning,highway,fog,0,1,0,1,0,107,16.06,veterinary,critical,1
987,cat,trapped,morning,highway,storm,0,1,0,1,1,113,37.78,veterinary,critical,0
988,other,endangered,evening,highway,rain,0,0,0,1,0,59,48.87,veterinary,critical,1
989,dog,other,evening,highway,fog,0,0,0,1,0,22,29.07,blue_cross,medium,1
990,bird,other,afternoon,urban,clear,0,0,0,0,0,35,2.32,wildlife_center,low,1
991,cat,trapped,afternoon,highway,storm,0,1,0,1,1,40,6.86,firefighter,critical,1
992,bird,endangered,night,rural,fog,0,0,0,0,0,63,4.62,blue_cross,medium,0
993,cat,other,afternoon,urban,storm,0,0,0,0,1,86,34.99,wildlife_center,low,0
994,other,other,afternoon,water_body,rain,0,0,0,0,0,45,49.63,firefighter,low,1
995,other,trapped,morning,forest,clear,0,1,0,0,0,73,5.94,firefighter,medium,1
996,dog,endangered,evening,forest,rain,0,0,0,0,0,116,40.01,blue_cross,medium,1
997,wildlife,trapped,night,urban,clear,0,1,0,0,0,27,26.56,blue_cross,critical,1
998,wildlife,injured,evening,highway,storm,1,0,0,1,1,119,2.87,blue_cross,critical,0
999,wildlife,trapped,evening,highway,fog,0,1,0,1,0,66,29.82,blue_cross,critical,1
1000,other,trapped,afternoon,rural,fog,0,1,0,0,0,77,36.9,veterinary,medium,0
1001,bird,trapped,night,water_body,rain,0,1,0,0,0,61,49.32,firefighter,medium,0
1002,bird,aggressive,afternoon,forest,clear,0,0,0,0,0,44,20.62,blue_cross,low,1
1003,dog,injured,afternoon,urban,rain,1,0,0,0,0,41,27.93,firefighter,medium,1
1004,dog,aggressive,afternoon,water_body,fog,0,0,0,0,0,70,34.41,veterinary,low,1
1005,other,trapped,morning,water_body,storm,0,1,0,0,1,36,49.71,veterinary,medium,0
1006,cat,other,afternoon,rural,clear,0,0,0,0,0,51,42.05,blue_cross,low,0
1007,wildlife,aggressive,night,rural,storm,0,0,0,0,1,19,17.23,wildlife_center,low,1
1008,dog,endangered,evening,water_body,storm,0,0,0,0,1,38,11.05,firefighter,critical,1
1009,bird,other,morning,water_body,fog,0,0,0,0,0,12,18.11,firefighter,low,1
1010,bird,injured,morning,forest,rain,1,0,0,0,0,60,24.86,veterinary,medium,1
1011,cat,aggressive,morning,water_body,clear,0,0,0,0,0,24,38.59,blue_cross,low,1
1012,wildlife,endangered,evening,forest,fog,0,0,0,0,0,119,9.52,blue_cross,medium,1
1013,wildlife,aggressive,afternoon,rural,storm,0,0,0,0,1,100,21.98,blue_cross,low,0
1014,cat,injured,afternoon,forest,clear,0,0,0,0,0,47,45.1,wildlife_center,low,1
1015,wildlife,endangered,morning,water_body,fog,0,0,0,0,0,75,25.03,wildlife_center,medium,1
1016,wildlife,other,night,rural,clear,0,0,0,0,0,18,39.74,wildlife_center,low,1
1017,other,injured,afternoon,urban,storm,1,0,0,0,1,6,22.0,blue_cross,critical,1
1018,dog,aggressive,afternoon,highway,rain,0,0,0,1,0,98,25.81,wildlife_center,medium,1
1019,dog,endangered,afternoon,water_body,rain,0,0,0,0,0,65,35.47,veterinary,medium,0
1020,other,other,afternoon,rural,rain,0,0,0,0,0,34,6.46,firefighter,low,1
1021,cat,trapped,night,urban,rain,0,1,0,0,0,16,43.29,firefighter,medium,1
1022,bird,trapped,afternoon,forest,fog,0,1,0,0,0,66,3.54,firefighter,medium,0
1023,bird,injured,evening,forest,storm,1,0,1,0,1,36,16.33,veterinary,critical,1
1024,dog,injured,evening,rural,storm,1,0,1,0,1,17,21.83,blue_cross,critical,0
1025,bird,endangered,evening,urban,clear,0,0,0,0,0,90,1.18,wildlife_center,medium,1
1026,bird,other,evening,rural,storm,0,0,0,0,1,31,29.42,veterinary,low,0
1027,cat,other,morning,urban,rain,0,0,0,0,0,29,35.38,veterinary,low,1
1028,other,other,evening,forest,fog,0,0,0,0,0,102,10.5,wildlife_center,low,1
1029,cat,aggressive,evening,highway,storm,0,0,0,1,1,119,18.62,veterinary,medium,0
1030,dog,aggressive,night,highway,clear,0,0,0,1,0,26,30.16,wildlife_center,medium,1
1031,other,injured,afternoon,water_body,fog,1,0,1,0,0,14,8.69,firefighter,critical,1
1032,wildlife,aggressive,evening,rural,rain,0,0,0,0,0,5,8.42,wildlife_center,low,1
1033,dog,other,night,highway,storm,0,0,0,1,1,43,42.7,blue_cross,critical,0
1034,other,injured,afternoon,rural,clear,1,0,0,0,0,86,7.83,blue_cross,medium,0
1035,bird,injured,afternoon,rural,clear,0,0,0,0,0,82,48.62,blue_cross,low,1
1036,other,endangered,afternoon,water_body,storm,0,0,0,0,1,46,49.27,veterinary,critical,0
1037,cat,endangered,afternoon,forest,clear,0,0,0,0,0,73,33.04,veterinary,medium,0
1038,wildlife,endangered,afternoon,water_body,rain,0,0,0,0,0,46,13.81,firefighter,medium,1
1039,cat,aggressive,evening,rural,fog,0,0,0,0,0,16,25.05,firefighter,low,1
1040,cat,trapped,night,rural,storm,0,1,0,0,1,7,15.85,wildlife_center,medium,1
1041,other,trapped,morning,rural,clear,0,1,0,0,0,59,12.64,firefighter,medium,1
1042,other,trapped,morning,highway,clear,0,1,0,1,0,53,19.51,veterinary,critical,0
1043,dog,trapped,afternoon,urban,storm,0,1,0,0,1,23,46.96,veterinary,medium,0
1044,dog,injured,evening,urban,rain,0,0,1,0,0,119,22.49,wildlife_center,medium,1
1045,wildlife,trapped,afternoon,urban,storm,0,1,0,0,1,85,27.41,veterinary,critical,0
1046,dog,other,evening,urban,fog,0,0,0,0,0,23,0.56,wildlife_center,low,1
1047,wildlife,aggressive,afternoon,forest,storm,0,0,0,0,1,33,46.12,firefighter,low,0
1048,dog,aggressive,afternoon,urban,rain,0,0,0,0,0,18,47.85,blue_cross,low,1
1049,other,endangered,morning,forest,clear,0,0,0,0,0,119,2.65,wildlife_center,medium,1
1050,other,endangered,afternoon,water_body,rain,0,0,0,0,0,119,33.53,blue_cross,medium,0
1051,bird,endangered,morning,forest,fog,0,0,0,0,0,89,18.77,blue_cross,medium,0
1052,dog,injured,afternoon,rural,storm,0,0,0,0,1,106,39.38,firefighter,low,0
1053,dog,other,night,forest,rain,0,0,0,0,0,16,16.49,wildlife_center,low,1
1054,wildlife,endangered,evening,water_body,fog,0,0,0,0,0,66,34.82,firefighter,medium,0
1055,bird,trapped,afternoon,water_body,fog,0,1,0,0,0,75,25.11,firefighter,medium,0
1056,cat,aggressive,morning,highway,fog,0,0,0,1,0,72,29.1,wildlife_center,medium,0
1057,cat,endangered,morning,rural,clear,0,0,0,0,0,51,28.14,wildlife_center,medium,0
1058,dog,endangered,evening,rural,storm,0,0,0,0,1,63,7.63,firefighter,critical,1
1059,cat,injured,afternoon,urban,rain,0,0,0,0,0,59,18.9,veterinary,low,1
1060,dog,aggressive,afternoon,urban,rain,0,0,0,0,0,51,7.49,wildlife_center,low,1
1061,other,aggressive,afternoon,rural,fog,0,0,0,0,0,100,7.44,blue_cross,low,1
1062,bird,aggressive,morning,forest,clear,0,0,0,0,0,24,3.47,veterinary,low,1
1063,cat,other,afternoon,urban,fog,0,0,0,0,0,111,21.47,firefighter,low,0
1064,bird,other,evening,rural,fog,0,0,0,0,0,25,13.96,veterinary,low,1
1065,cat,trapped,night,highway,clear,0,1,0,1,0,33,19.92,veterinary,critical,1
1066,wildlife,aggressive,evening,water_body,fog,0,0,0,0,0,26,3.21,blue_cross,low,1
1067,cat,endangered,morning,urban,clear,0,0,0,0,0,51,30.36,blue_cross,medium,1
1068,bird,trapped,morning,urban,rain,0,1,0,0,0,81,1.04,blue_cross,medium,1
1069,cat,injured,afternoon,forest,clear,1,0,0,0,0,77,49.33,firefighter,medium,1
1070,bird,injured,evening,urban,storm,1,0,1,0,1,69,10.15,firefighter,critical,0
1071,cat,injured,evening,water_body,clear,1,0,1,0,0,8,29.57,firefighter,critical,1
1072,dog,endangered,afternoon,rural,fog,0,0,0,0,0,15,44.32,veterinary,medium,0
1073,cat,trapped,afternoon,rural,storm,0,1,0,0,1,62,39.37,blue_cross,medium,0
1074,other,aggressive,morning,water_body,rain,0,0,0,0,0,31,49.85,veterinary,low,0
1075,other,aggressive,morning,urban,rain,0,0,0,0,0,103,43.59,veterinary,low,0
1076,wildlife,endangered,afternoon,forest,rain,0,0,0,0,0,13,14.37,blue_cross,medium,1
1077,dog,trapped,night,forest,fog,0,1,0,0,0,37,38.28,firefighter,medium,0
1078,cat,injured,night,urban,storm,1,0,0,0,1,114,31.17,wildlife_center,critical,0
1079,other,other,evening,forest,clear,0,0,0,0,0,92,20.95,firefighter,low,1
1080,dog,other,morning,rural,clear,0,0,0,0,0,24,42.73,blue_cross,low,1
1081,other,aggressive,morning,rural,fog,0,0,0,0,0,116,23.38,veterinary,low,1
1082,wildlife,other,night,urban,clear,0,0,0,0,0,28,36.72,firefighter,low,0
1083,cat,aggressive,evening,urban,storm,0,0,0,0,1,48,49.82,firefighter,low,1
1084,wildlife,injured,evening,water_body,clear,1,0,1,0,0,23,32.19,blue_cross,critical,0
1085,other,aggressive,morning,forest,fog,0,0,0,0,0,65,11.06,wildlife_center,low,0
1086,wildlife,endangered,evening,rural,clear,0,0,0,0,0,23,3.93,firefighter,medium,1
1087,wildlife,aggressive,afternoon,forest,rain,0,0,0,0,0,111,3.16,firefighter,low,1
1088,bird,trapped,afternoon,forest,fog,0,1,0,0,0,66,24.04,wildlife_center,medium,0
1089,wildlife,endangered,night,urban,rain,0,0,0,0,0,14,36.27,wildlife_center,medium,1
1090,bird,injured,afternoon,water_body,rain,1,0,0,0,0,106,48.51,firefighter,medium,0
1091,dog,aggressive,afternoon,water_body,clear,0,0,0,0,0,9,11.32,wildlife_center,low,1
1092,other,trapped,night,rural,storm,0,1,0,0,1,31,47.64,veterinary,medium,1
1093,bird,injured,evening,forest,clear,1,0,0,0,0,63,21.0,blue_cross,medium,1
1094,other,aggressive,evening,urban,rain,0,0,0,0,0,63,21.7,wildlife_center,low,1
1095,cat,other,night,water_body,storm,0,0,0,0,1,113,33.15,firefighter,low,0
1096,other,injured,morning,urban,clear,1,0,0,0,0,57,5.63,veterinary,medium,1
1097,other,other,morning,forest,fog,0,0,0,0,0,32,11.53,firefighter,low,1
1098,dog,trapped,night,urban,storm,0,1,0,0,1,106,45.74,firefighter,medium,0
1099,wildlife,injured,evening,rural,storm,0,0,0,0,1,44,42.0,firefighter,medium,0
1100,dog,aggressive,morning,urban,clear,0,0,0,0,0,24,39.63,blue_cross,low,1
1101,other,aggressive,afternoon,highway,fog,0,0,0,1,0,29,31.01,firefighter,medium,0
1102,other,aggressive,afternoon,water_body,rain,0,0,0,0,0,56,45.26,wildlife_center,low,1
1103,dog,trapped,morning,highway,fog,0,1,0,1,0,112,38.23,blue_cross,critical,0
1104,cat,endangered,afternoon,urban,clear,0,0,0,0,0,8,22.15,wildlife_center,medium,1
1105,other,injured,night,urban,rain,1,0,0,0,0,104,18.23,wildlife_center,medium,0
1106,cat,endangered,afternoon,highway,rain,0,0,0,1,0,97,39.11,firefighter,critical,0
1107,dog,endangered,morning,rural,clear,0,0,0,0,0,86,49.25,veterinary,medium,1
1108,other,injured,morning,rural,storm,0,0,0,0,1,14,24.97,blue_cross,low,0
1109,cat,aggressive,morning,water_body,clear,0,0,0,0,0,57,4.14,veterinary,low,1
1110,wildlife,aggressive,evening,water_body,rain,0,0,0,0,0,28,15.29,wildlife_center,low,1
1111,other,injured,morning,forest,storm,1,0,0,0,1,74,0.75,blue_cross,critical,0
1112,cat,other,morning,highway,clear,0,0,0,1,0,71,25.83,wildlife_center,medium,1
1113,bird,injured,afternoon,urban,storm,0,0,0,0,1,93,47.02,blue_cross,low,0
1114,cat,injured,evening,highway,storm,1,0,1,1,1,60,25.88,firefighter,critical,0
1115,bird,trapped,afternoon,forest,fog,0,1,0,0,0,18,29.39,blue_cross,medium,1
1116,cat,aggressive,night,water_body,fog,0,0,0,0,0,81,37.48,blue_cross,low,0
1117,other,aggressive,night,rural,storm,0,0,0,0,1,52,44.95,veterinary,low,1
1118,dog,other,evening,highway,fog,0,0,0,1,0,42,30.39,blue_cross,medium,1
1119,dog,trapped,evening,water_body,rain,0,1,0,0,0,50,12.64,wildlife_center,medium,1
1120,bird,trapped,evening,urban,clear,0,1,0,0,0,45,34.57,blue_cross,medium,1
1121,other,endangered,afternoon,highway,clear,0,0,0,1,0,54,14.54,wildlife_center,critical,1
1122,dog,other,evening,highway,clear,0,0,0,1,0,78,44.69,firefighter,medium,0
1123,wildlife,endangered,evening,rural,rain,0,0,0,0,0,11,40.23,firefighter,medium,1
1124,bird,aggressive,morning,urban,fog,0,0,0,0,0,26,30.27,firefighter,low,1
1125,dog,endangered,morning,highway,clear,0,0,0,1,0,64,14.58,firefighter,critical,1
1126,other,other,morning,forest,clear,0,0,0,0,0,13,23.76,firefighter,low,1
1127,bird,endangered,evening,water_body,clear,0,0,0,0,0,76,38.84,firefighter,medium,0
1128,wildlife,endangered,night,water_body,clear,0,0,0,0,0,112,19.01,veterinary,medium,1
1129,dog,injured,afternoon,urban,storm,1,0,1,0,1,33,8.92,wildlife_center,critical,0
1130,bird,other,morning,urban,storm,0,0,0,0,1,118,39.35,veterinary,low,1
1131,bird,injured,evening,forest,fog,0,0,0,0,0,22,29.38,veterinary,low,1
1132,cat,other,night,water_body,clear,0,0,0,0,0,71,26.62,firefighter,low,0
1133,bird,endangered,night,rural,clear,0,0,0,0,0,38,38.43,veterinary,medium,1
1134,cat,trapped,morning,urban,fog,0,1,0,0,0,12,11.02,wildlife_center,medium,1
1135,wildlife,trapped,night,urban,storm,0,1,0,0,1,31,40.79,blue_cross,critical,0
1136,bird,aggressive,afternoon,highway,clear,0,0,0,1,0,21,11.33,blue_cross,medium,1
1137,wildlife,other,afternoon,water_body,rain,0,0,0,0,0,13,14.25,wildlife_center,low,1
1138,other,injured,afternoon,water_body,clear,1,0,0,0,0,119,23.31,blue_cross,medium,1
1139,other,aggressive,evening,forest,clear,0,0,0,0,0,75,4.66,firefighter,low,1
1140,wildlife,other,night,highway,storm,0,0,0,1,1,11,22.35,blue_cross,critical,1
1141,wildlife,aggressive,afternoon,forest,rain,0,0,0,0,0,56,9.24,blue_cross,low,1
1142,wildlife,other,night,urban,clear,0,0,0,0,0,87,12.82,veterinary,low,1
1143,dog,injured,evening,rural,clear,1,0,0,0,0,117,31.2,firefighter,medium,0
1144,dog,trapped,evening,water_body,rain,0,1,0,0,0,26,39.39,blue_cross,medium,0
1145,other,endangered,morning,urban,rain,0,0,0,0,0,69,45.44,firefighter,medium,0
1146,cat,trapped,evening,urban,rain,0,1,0,0,0,28,16.94,firefighter,medium,1
1147,dog,aggressive,night,forest,clear,0,0,0,0,0,27,48.73,veterinary,low,1
1148,dog,other,evening,water_body,clear,0,0,0,0,0,67,43.72,firefighter,low,1
1149,dog,other,evening,rural,rain,0,0,0,0,0,101,7.76,veterinary,low,1
1150,bird,aggressive,night,forest,storm,0,0,0,0,1,89,24.58,blue_cross,medium,0
1151,bird,endangered,evening,highway,fog,0,0,0,1,0,19,13.86,veterinary,critical,1
1152,wildlife,trapped,afternoon,forest,fog,0,1,0,0,0,8,12.6,firefighter,critical,1
1153,dog,trapped,night,urban,storm,0,1,0,0,1,117,31.53,firefighter,medium,0
1154,other,trapped,evening,forest,storm,0,1,0,0,1,55,29.66,blue_cross,medium,1
1155,dog,other,evening,highway,clear,0,0,0,1,0,60,39.87,blue_cross,medium,1
1156,dog,aggressive,afternoon,water_body,rain,0,0,0,0,0,71,48.35,wildlife_center,low,1
1157,bird,injured,evening,urban,fog,0,0,0,0,0,80,6.61,firefighter,low,1
1158,wildlife,endangered,morning,urban,storm,0,0,0,0,1,22,17.84,blue_cross,critical,0
1159,other,other,afternoon,urban,storm,0,0,0,0,1,23,49.8,wildlife_center,low,1
1160,dog,endangered,afternoon,urban,fog,0,0,0,0,0,50,12.81,firefighter,medium,1
1161,dog,endangered,evening,highway,storm,0,0,0,1,1,27,28.41,blue_cross,critical,0
1162,cat,trapped,evening,rural,fog,0,1,0,0,0,75,10.38,blue_cross,medium,1
1163,other,aggressive,afternoon,water_body,fog,0,0,0,0,0,17,7.36,firefighter,low,1
1164,other,endangered,night,forest,fog,0,0,0,0,0,64,21.32,firefighter,medium,1
1165,other,injured,night,urban,rain,1,0,0,0,0,36,29.23,blue_cross,medium,1
1166,other,other,evening,urban,fog,0,0,0,0,0,21,20.45,veterinary,low,1
1167,other,aggressive,morning,urban,clear,0,0,0,0,0,39,41.58,veterinary,low,1
1168,dog,endangered,night,forest,clear,0,0,0,0,0,20,37.15,veterinary,medium,1
1169,other,trapped,night,rural,rain,0,1,0,0,0,119,33.95,wildlife_center,medium,0
1170,bird,injured,night,highway,rain,0,0,0,1,0,82,44.06,veterinary,medium,1
1171,dog,aggressive,morning,highway,fog,0,0,0,1,0,55,3.25,veterinary,medium,1
1172,wildlife,trapped,afternoon,highway,storm,0,1,0,1,1,110,30.83,firefighter,critical,0
1173,other,injured,night,rural,clear,0,0,1,0,0,89,12.41,wildlife_center,medium,1
1174,bird,endangered,morning,highway,fog,0,0,0,1,0,52,33.55,firefighter,critical,1
1175,dog,aggressive,night,water_body,rain,0,0,0,0,0,8,14.53,veterinary,low,1
1176,dog,other,evening,urban,fog,0,0,0,0,0,10,45.45,blue_cross,low,0
1177,wildlife,aggressive,evening,urban,rain,0,0,0,0,0,50,25.28,wildlife_center,low,1
1178,other,aggressive,morning,rural,rain,0,0,0,0,0,50,32.97,blue_cross,low,1
1179,cat,endangered,evening,water_body,clear,0,0,0,0,0,112,32.43,firefighter,medium,0
1180,other,trapped,evening,rural,storm,0,1,0,0,1,80,47.78,blue_cross,medium,0
1181,wildlife,injured,morning,urban,rain,0,0,0,0,0,68,46.74,firefighter,medium,1
1182,cat,trapped,morning,rural,fog,0,1,0,0,0,101,48.68,veterinary,medium,1
1183,bird,injured,morning,urban,fog,1,0,0,0,0,112,1.96,wildlife_center,medium,1
1184,wildlife,aggressive,afternoon,highway,rain,0,0,0,1,0,30,13.0,firefighter,medium,1
1185,cat,trapped,afternoon,water_body,rain,0,1,0,0,0,16,29.31,veterinary,medium,1
1186,cat,injured,evening,water_body,clear,0,0,0,0,0,98,32.29,firefighter,low,1
1187,cat,other,night,highway,storm,0,0,0,1,1,50,31.11,wildlife_center,critical,0
1188,wildlife,aggressive,night,urban,clear,0,0,0,0,0,21,39.23,blue_cross,low,1
1189,wildlife,trapped,morning,highway,storm,0,1,0,1,1,7,11.59,blue_cross,critical,0
1190,bird,aggressive,evening,urban,rain,0,0,0,0,0,41,4.2,wildlife_center,low,1
1191,other,other,evening,water_body,clear,0,0,0,0,0,74,35.03,veterinary,low,0
1192,bird,injured,morning,forest,fog,0,0,0,0,0,102,3.44,wildlife_center,low,0
1193,bird,injured,afternoon,water_body,clear,1,0,0,0,0,83,35.3,veterinary,medium,0
1194,dog,aggressive,morning,highway,fog,0,0,0,1,0,21,13.89,veterinary,medium,1
1195,wildlife,other,afternoon,forest,fog,0,0,0,0,0,66,15.52,wildlife_center,low,1
1196,dog,injured,afternoon,highway,fog,1,0,1,1,0,75,24.37,firefighter,critical,0
1197,cat,aggressive,night,highway,rain,0,0,0,1,0,19,22.18,blue_cross,medium,1
1198,bird,aggressive,morning,rural,rain,0,0,0,0,0,16,29.64,wildlife_center,low,1
1199,other,other,morning,urban,rain,0,0,0,0,0,109,3.32,veterinary,low,1
1200,cat,endangered,morning,forest,storm,0,0,0,0,1,82,32.93,wildlife_center,critical,0
1201,cat,other,night,water_body,clear,0,0,0,0,0,89,4.3,blue_cross,low,0
1202,cat,aggressive,evening,rural,fog,0,0,0,0,0,96,15.48,blue_cross,low,0
1203,bird,trapped,evening,forest,clear,0,1,0,0,0,11,17.66,firefighter,medium,1
1204,other,aggressive,evening,urban,rain,0,0,0,0,0,22,42.15,wildlife_center,low,1
1205,other,trapped,morning,forest,rain,0,1,0,0,0,9,48.91,firefighter,medium,1
1206,wildlife,injured,morning,water_body,clear,0,0,0,0,0,43,41.45,veterinary,medium,1
1207,other,aggressive,night,urban,fog,0,0,0,0,0,54,22.48,wildlife_center,low,1
1208,cat,aggressive,morning,forest,clear,0,0,0,0,0,74,38.27,veterinary,low,0
1209,bird,endangered,afternoon,urban,storm,0,0,0,0,1,97,41.55,firefighter,critical,0
1210,dog,injured,night,forest,fog,1,0,1,0,0,103,26.19,wildlife_center,critical,0
1211,wildlife,trapped,afternoon,urban,storm,0,1,0,0,1,107,34.29,blue_cross,critical,1
1212,cat,other,evening,forest,fog,0,0,0,0,0,9,30.97,blue_cross,low,1
1213,bird,other,morning,urban,storm,0,0,0,0,1,77,33.21,blue_cross,low,0
1214,wildlife,aggressive,morning,water_body,clear,0,0,0,0,0,64,2.33,blue_cross,low,1
1215,other,trapped,night,urban,clear,0,1,0,0,0,40,44.9,blue_cross,medium,0
1216,wildlife,trapped,evening,forest,storm,0,1,0,0,1,116,25.0,wildlife_center,critical,0
1217,cat,other,morning,rural,clear,0,0,0,0,0,88,2.41,firefighter,low,1
1218,dog,other,afternoon,urban,storm,0,0,0,0,1,37,1.3,blue_cross,low,1
1219,dog,other,afternoon,forest,clear,0,0,0,0,0,14,25.59,veterinary,low,1
1220,cat,trapped,evening,highway,storm,0,1,0,1,1,111,41.22,firefighter,critical,1
1221,wildlife,endangered,afternoon,urban,storm,0,0,0,0,1,82,39.51,blue_cross,critical,0
1222,bird,aggressive,evening,highway,clear,0,0,0,1,0,25,18.73,blue_cross,medium,0
1223,other,injured,morning,highway,rain,1,0,0,1,0,104,37.23,blue_cross,critical,0
1224,wildlife,other,morning,rural,fog,0,0,0,0,0,102,49.89,veterinary,low,0
1225,cat,other,night,highway,clear,0,0,0,1,0,113,43.98,veterinary,medium,0
1226,other,other,night,forest,storm,0,0,0,0,1,29,41.88,blue_cross,medium,0
1227,bird,trapped,evening,rural,fog,0,1,0,0,0,45,37.54,veterinary,medium,0
1228,wildlife,aggressive,evening,urban,storm,0,0,0,0,1,76,25.53,blue_cross,low,0
1229,other,trapped,night,water_body,rain,0,1,0,0,0,77,41.48,wildlife_center,medium,0
1230,cat,aggressive,afternoon,highway,storm,0,0,0,1,1,106,14.7,blue_cross,medium,1
1231,wildlife,aggressive,afternoon,highway,fog,0,0,0,1,0,85,44.13,wildlife_center,medium,0
1232,wildlife,injured,afternoon,urban,fog,0,0,0,0,0,65,37.27,wildlife_center,medium,0
1233,wildlife,injured,afternoon,urban,rain,1,0,0,0,0,54,45.26,blue_cross,critical,1
1234,other,trapped,evening,urban,storm,0,1,0,0,1,119,41.32,blue_cross,medium,0
1235,other,injured,morning,urban,storm,1,0,1,0,1,85,22.76,firefighter,critical,0
1236,wildlife,trapped,afternoon,highway,clear,0,1,0,1,0,24,44.83,blue_cross,critical,0
1237,wildlife,aggressive,evening,water_body,rain,0,0,0,0,0,70,36.27,blue_cross,low,0
1238,dog,trapped,evening,water_body,storm,0,1,0,0,1,11,28.42,firefighter,medium,1
1239,wildlife,endangered,afternoon,rural,clear,0,0,0,0,0,109,47.28,wildlife_center,medium,0
1240,bird,other,evening,urban,storm,0,0,0,0,1,41,8.7,blue_cross,low,1
1241,wildlife,trapped,afternoon,forest,storm,0,1,0,0,1,82,37.8,wildlife_center,critical,0
1242,cat,injured,afternoon,highway,rain,0,0,1,1,0,119,27.22,wildlife_center,critical,1
1243,dog,endangered,afternoon,forest,fog,0,0,0,0,0,98,22.52,wildlife_center,medium,0
1244,bird,injured,morning,water_body,fog,1,0,0,0,0,22,49.66,veterinary,medium,0
1245,dog,trapped,morning,forest,rain,0,1,0,0,0,69,17.1,firefighter,medium,0
1246,other,injured,evening,urban,fog,0,0,1,0,0,71,16.22,veterinary,medium,0
1247,dog,trapped,afternoon,highway,fog,0,1,0,1,0,116,47.19,wildlife_center,critical,0
1248,cat,aggressive,afternoon,water_body,storm,0,0,0,0,1,21,10.33,veterinary,low,0
1249,cat,injured,night,urban,fog,1,0,0,0,0,27,2.42,blue_cross,medium,1
1250,other,trapped,evening,water_body,rain,0,1,0,0,0,117,15.35,wildlife_center,medium,0
1251,wildlife,aggressive,night,highway,storm,0,0,0,1,1,74,24.31,veterinary,critical,1
1252,bird,aggressive,night,forest,rain,0,0,0,0,0,89,21.53,wildlife_center,low,1
1253,bird,injured,evening,water_body,rain,1,0,0,0,0,108,43.27,firefighter,medium,0
1254,dog,endangered,evening,highway,rain,0,0,0,1,0,118,42.62,firefighter,critical,1
1255,bird,endangered,evening,water_body,fog,0,0,0,0,0,108,22.38,firefighter,medium,1
1256,dog,endangered,night,rural,storm,0,0,0,0,1,86,41.02,blue_cross,critical,0
1257,cat,other,afternoon,highway,rain,0,0,0,1,0,104,31.45,blue_cross,medium,1
1258,other,injured,morning,water_body,clear,1,0,0,0,0,50,38.46,veterinary,medium,0
1259,other,trapped,evening,highway,rain,0,1,0,1,0,25,41.99,firefighter,critical,0
1260,cat,endangered,afternoon,forest,storm,0,0,0,0,1,57,11.17,wildlife_center,critical,0
1261,dog,injured,morning,highway,fog,1,0,0,1,0,41,15.42,wildlife_center,critical,1
1262,cat,injured,evening,urban,fog,1,0,0,0,0,99,43.89,veterinary,medium,1
1263,other,aggressive,morning,urban,rain,0,0,0,0,0,17,36.93,firefighter,low,1
1264,other,endangered,evening,water_body,clear,0,0,0,0,0,43,14.07,wildlife_center,medium,1
1265,other,aggressive,night,forest,fog,0,0,0,0,0,16,11.5,firefighter,low,1
1266,wildlife,endangered,afternoon,water_body,clear,0,0,0,0,0,68,36.51,blue_cross,medium,0
1267,dog,aggressive,afternoon,highway,clear,0,0,0,1,0,55,38.67,firefighter,medium,1
1268,other,injured,evening,forest,rain,1,0,1,0,0,17,28.26,wildlife_center,critical,1
1269,wildlife,other,afternoon,urban,rain,0,0,0,0,0,56,31.02,firefighter,low,1
1270,other,trapped,morning,water_body,storm,0,1,0,0,1,57,15.92,blue_cross,medium,0
1271,dog,endangered,night,urban,storm,0,0,0,0,1,93,10.86,firefighter,critical,0
1272,bird,trapped,evening,water_body,fog,0,1,0,0,0,70,27.96,veterinary,medium,0
1273,wildlife,injured,night,rural,clear,0,0,1,0,0,26,10.27,veterinary,critical,1
1274,wildlife,aggressive,afternoon,highway,fog,0,0,0,1,0,22,37.58,firefighter,medium,1
1275,bird,injured,night,forest,storm,1,0,0,0,1,52,28.41,wildlife_center,critical,1
1276,other,trapped,evening,highway,storm,0,1,0,1,1,65,23.41,blue_cross,critical,0
1277,cat,trapped,night,urban,storm,0,1,0,0,1,58,9.37,firefighter,medium,1
1278,dog,endangered,afternoon,rural,clear,0,0,0,0,0,73,23.2,veterinary,medium,1
1279,wildlife,other,afternoon,urban,storm,0,0,0,0,1,86,28.18,wildlife_center,low,1
1280,dog,trapped,evening,forest,fog,0,1,0,0,0,79,36.6,blue_cross,medium,0
1281,wildlife,endangered,afternoon,urban,rain,0,0,0,0,0,18,36.67,blue_cross,medium,1
1282,other,injured,afternoon,highway,fog,0,0,1,1,0,80,30.44,firefighter,critical,0
1283,dog,trapped,afternoon,urban,rain,0,1,0,0,0,23,8.66,veterinary,medium,1
1284,dog,trapped,night,water_body,fog,0,1,0,0,0,46,15.48,veterinary,medium,1
1285,wildlife,aggressive,night,water_body,storm,0,0,0,0,1,44,42.01,blue_cross,low,0
1286,other,trapped,afternoon,forest,rain,0,1,0,0,0,112,22.14,firefighter,medium,0
1287,bird,injured,night,forest,rain,0,0,0,0,0,64,38.65,blue_cross,low,0
1288,cat,other,afternoon,water_body,storm,0,0,0,0,1,27,46.69,veterinary,low,1
1289,bird,other,afternoon,urban,storm,0,0,0,0,1,47,5.16,blue_cross,low,0
1290,other,injured,evening,urban,storm,1,0,0,0,1,94,35.36,blue_cross,critical,0
1291,other,injured,night,highway,fog,1,0,0,1,0,116,32.55,veterinary,critical,1
1292,dog,other,afternoon,rural,rain,0,0,0,0,0,15,21.27,veterinary,low,1
1293,dog,endangered,morning,highway,storm,0,0,0,1,1,114,10.11,veterinary,critical,0
1294,bird,trapped,evening,highway,clear,0,1,0,1,0,90,20.46,veterinary,critical,1
1295,other,trapped,evening,urban,rain,0,1,0,0,0,61,2.7,wildlife_center,medium,0
1296,wildlife,trapped,morning,forest,storm,0,1,0,0,1,76,17.86,blue_cross,critical,0
1297,dog,other,night,urban,clear,0,0,0,0,0,16,9.53,veterinary,low,1
1298,other,injured,afternoon,urban,rain,1,0,0,0,0,117,36.35,wildlife_center,medium,0
1299,cat,trapped,evening,urban,fog,0,1,0,0,0,95,14.71,blue_cross,medium,1
1300,bird,aggressive,afternoon,rural,storm,0,0,0,0,1,118,10.36,blue_cross,low,1
1301,wildlife,endangered,morning,water_body,storm,0,0,0,0,1,79,18.5,firefighter,critical,0
1302,cat,injured,night,rural,rain,1,0,0,0,0,87,40.64,blue_cross,medium,1
1303,other,other,evening,urban,rain,0,0,0,0,0,38,11.3,blue_cross,low,1
1304,dog,other,afternoon,water_body,rain,0,0,0,0,0,64,29.55,blue_cross,low,0
1305,other,injured,evening,urban,storm,1,0,0,0,1,58,24.04,blue_cross,critical,0
1306,dog,trapped,evening,forest,rain,0,1,0,0,0,64,27.57,veterinary,medium,1
1307,other,aggressive,night,water_body,fog,0,0,0,0,0,111,12.56,blue_cross,low,0
1308,wildlife,aggressive,evening,urban,rain,0,0,0,0,0,102,46.77,veterinary,low,0
1309,bird,other,night,highway,clear,0,0,0,1,0,25,25.85,blue_cross,medium,0
1310,other,trapped,afternoon,rural,storm,0,1,0,0,1,105,48.02,veterinary,medium,0
1311,cat,endangered,night,water_body,rain,0,0,0,0,0,63,0.54,wildlife_center,medium,1
1312,cat,endangered,evening,urban,rain,0,0,0,0,0,35,42.96,firefighter,medium,1
1313,cat,trapped,evening,urban,fog,0,1,0,0,0,25,17.56,firefighter,medium,1
1314,wildlife,trapped,night,water_body,fog,0,1,0,0,0,95,12.52,veterinary,critical,0
1315,bird,trapped,night,forest,storm,0,1,0,0,1,109,33.9,firefighter,critical,0
1316,other,injured,evening,water_body,clear,0,0,0,0,0,103,12.14,blue_cross,low,1
1317,dog,other,night,urban,rain,0,0,0,0,0,22,25.25,veterinary,low,1
1318,wildlife,injured,evening,water_body,rain,1,0,0,0,0,54,33.93,firefighter,critical,1
1319,wildlife,trapped,afternoon,water_body,clear,0,1,0,0,0,64,40.41,blue_cross,critical,0
1320,dog,aggressive,morning,rural,storm,0,0,0,0,1,21,28.95,firefighter,low,1
1321,dog,aggressive,night,water_body,clear,0,0,0,0,0,43,21.54,veterinary,low,1
1322,wildlife,other,evening,water_body,storm,0,0,0,0,1,113,26.98,blue_cross,low,1
1323,cat,aggressive,night,urban,rain,0,0,0,0,0,5,17.19,blue_cross,low,1
1324,other,aggressive,night,urban,fog,0,0,0,0,0,41,2.47,firefighter,low,1
1325,dog,other,evening,forest,fog,0,0,0,0,0,48,33.91,veterinary,low,1
1326,cat,endangered,evening,water_body,clear,0,0,0,0,0,62,16.57,veterinary,medium,1
1327,bird,injured,night,rural,rain,0,0,0,0,0,98,7.66,firefighter,low,1
1328,bird,endangered,night,highway,rain,0,0,0,1,0,110,45.23,firefighter,critical,1
1329,bird,endangered,morning,rural,clear,0,0,0,0,0,53,25.88,veterinary,medium,1
1330,bird,aggressive,night,urban,rain,0,0,0,0,0,100,13.21,veterinary,low,0
1331,wildlife,injured,afternoon,highway,storm,1,0,0,1,1,74,42.79,wildlife_center,critical,0
1332,dog,endangered,night,rural,fog,0,0,0,0,0,40,37.47,wildlife_center,medium,1
1333,dog,other,night,rural,storm,0,0,0,0,1,39,0.75,wildlife_center,low,1
1334,wildlife,trapped,evening,forest,fog,0,1,0,0,0,81,39.62,blue_cross,critical,1
1335,cat,injured,evening,rural,clear,1,0,1,0,0,82,41.44,firefighter,critical,0
1336,bird,other,night,water_body,clear,0,0,0,0,0,48,17.36,blue_cross,low,0
1337,cat,aggressive,night,rural,rain,0,0,0,0,0,91,19.81,firefighter,low,1
1338,other,injured,night,highway,storm,0,0,1,1,1,72,18.77,blue_cross,critical,0
1339,wildlife,aggressive,morning,rural,rain,0,0,0,0,0,84,17.91,firefighter,low,1
1340,dog,endangered,night,rural,fog,0,0,0,0,0,73,7.02,veterinary,medium,1
1341,cat,trapped,morning,highway,storm,0,1,0,1,1,27,43.31,firefighter,critical,0
1342,bird,trapped,night,highway,storm,0,1,0,1,1,45,38.64,veterinary,critical,0
1343,bird,other,night,rural,fog,0,0,0,0,0,68,37.96,blue_cross,low,0
1344,wildlife,trapped,afternoon,water_body,storm,0,1,0,0,1,5,26.87,blue_cross,critical,0
1345,cat,injured,night,highway,fog,1,0,0,1,0,86,1.94,wildlife_center,critical,1
1346,other,other,morning,highway,fog,0,0,0,1,0,7,16.59,wildlife_center,medium,1
1347,wildlife,injured,evening,urban,fog,1,0,1,0,0,113,45.7,firefighter,critical,0
1348,cat,trapped,night,rural,storm,0,1,0,0,1,21,15.0,veterinary,medium,1
1349,wildlife,aggressive,afternoon,highway,fog,0,0,0,1,0,35,39.94,firefighter,medium,1
1350,dog,other,evening,rural,rain,0,0,0,0,0,64,36.24,veterinary,low,1
1351,dog,aggressive,night,water_body,clear,0,0,0,0,0,105,21.15,blue_cross,low,0
1352,other,injured,morning,water_body,fog,1,0,0,0,0,108,20.22,veterinary,medium,0
1353,other,aggressive,night,urban,clear,0,0,0,0,0,23,42.43,veterinary,low,0
1354,bird,aggressive,evening,rural,rain,0,0,0,0,0,106,24.39,blue_cross,low,1
1355,dog,aggressive,night,rural,storm,0,0,0,0,1,48,15.12,firefighter,low,1
1356,wildlife,endangered,evening,highway,clear,0,0,0,1,0,102,7.43,blue_cross,critical,1
1357,bird,other,evening,forest,storm,0,0,0,0,1,96,8.34,blue_cross,low,0
1358,wildlife,endangered,afternoon,rural,rain,0,0,0,0,0,82,14.97,firefighter,medium,1
1359,cat,injured,afternoon,highway,storm,0,0,0,1,1,51,36.2,firefighter,medium,1
1360,cat,endangered,afternoon,highway,storm,0,0,0,1,1,71,19.03,firefighter,critical,0
1361,other,aggressive,afternoon,water_body,fog,0,0,0,0,0,6,33.6,veterinary,low,1
1362,bird,trapped,afternoon,rural,storm,0,1,0,0,1,82,39.01,veterinary,medium,0
1363,bird,aggressive,night,highway,clear,0,0,0,1,0,112,37.44,wildlife_center,medium,0
1364,bird,injured,night,urban,storm,1,0,0,0,1,73,42.41,veterinary,critical,0
1365,dog,aggressive,afternoon,rural,storm,0,0,0,0,1,107,37.1,wildlife_center,low,0
1366,wildlife,trapped,morning,highway,storm,0,1,0,1,1,75,14.24,wildlife_center,critical,0
1367,dog,trapped,evening,urban,rain,0,1,0,0,0,34,12.58,firefighter,medium,1
1368,other,injured,evening,urban,rain,1,0,0,0,0,65,10.27,wildlife_center,medium,1
1369,bird,other,morning,highway,fog,0,0,0,1,0,115,45.3,firefighter,medium,0
1370,cat,other,night,urban,storm,0,0,0,0,1,101,20.65,blue_cross,low,0
1371,cat,endangered,night,highway,storm,0,0,0,1,1,87,15.33,wildlife_center,critical,0
1372,other,other,evening,water_body,clear,0,0,0,0,0,101,47.31,firefighter,low,1
1373,other,aggressive,night,rural,rain,0,0,0,0,0,13,38.14,blue_cross,low,1
1374,wildlife,endangered,afternoon,rural,clear,0,0,0,0,0,102,11.97,blue_cross,medium,0
1375,bird,other,night,urban,storm,0,0,0,0,1,83,10.91,wildlife_center,low,1
1376,cat,aggressive,afternoon,rural,rain,0,0,0,0,0,46,47.86,firefighter,low,1
1377,wildlife,endangered,afternoon,forest,fog,0,0,0,0,0,114,41.8,blue_cross,medium,1
1378,bird,endangered,evening,water_body,storm,0,0,0,0,1,59,28.38,firefighter,critical,1
1379,wildlife,injured,night,forest,rain,1,0,1,0,0,7,41.02,wildlife_center,critical,1
1380,bird,endangered,evening,urban,storm,0,0,0,0,1,59,39.65,blue_cross,critical,0
1381,cat,trapped,night,forest,clear,0,1,0,0,0,14,12.54,blue_cross,medium,1
1382,other,aggressive,morning,water_body,fog,0,0,0,0,0,36,14.37,firefighter,low,1
1383,dog,endangered,evening,highway,storm,0,0,0,1,1,61,46.22,veterinary,critical,0
1384,dog,endangered,night,rural,rain,0,0,0,0,0,80,15.29,wildlife_center,medium,1
1385,wildlife,trapped,evening,highway,storm,0,1,0,1,1,76,26.79,blue_cross,critical,0
1386,cat,injured,evening,forest,fog,1,0,0,0,0,46,23.68,firefighter,medium,1
1387,cat,endangered,evening,highway,clear,0,0,0,1,0,22,6.4,firefighter,critical,1
1388,wildlife,injured,morning,highway,storm,0,0,0,1,1,9,48.01,blue_cross,critical,0
1389,wildlife,endangered,evening,urban,clear,0,0,0,0,0,77,5.06,veterinary,medium,1
1390,other,injured,night,highway,rain,1,0,1,1,0,60,40.98,firefighter,critical,0
1391,cat,endangered,morning,rural,storm,0,0,0,0,1,63,26.62,firefighter,critical,0
1392,wildlife,other,evening,urban,fog,0,0,0,0,0,7,0.92,blue_cross,low,1
1393,bird,trapped,evening,highway,fog,0,1,0,1,0,88,33.44,blue_cross,critical,0
1394,other,trapped,afternoon,rural,rain,0,1,0,0,0,44,9.49,veterinary,medium,1
1395,dog,trapped,evening,urban,storm,0,1,0,0,1,116,16.11,wildlife_center,medium,0
1396,cat,endangered,afternoon,water_body,storm,0,0,0,0,1,34,46.85,wildlife_center,critical,0
1397,dog,trapped,night,urban,fog,0,1,0,0,0,8,22.48,wildlife_center,medium,1
1398,wildlife,aggressive,night,rural,rain,0,0,0,0,0,103,19.33,veterinary,low,1
1399,cat,other,morning,rural,rain,0,0,0,0,0,20,47.06,blue_cross,low,0
1400,bird,aggressive,afternoon,rural,clear,0,0,0,0,0,107,25.59,firefighter,low,1
1401,dog,aggressive,morning,urban,fog,0,0,0,0,0,107,21.29,veterinary,low,1
1402,bird,injured,night,forest,rain,1,0,0,0,0,87,40.6,firefighter,medium,1
1403,bird,endangered,morning,rural,rain,0,0,0,0,0,27,28.45,wildlife_center,medium,1
1404,cat,aggressive,morning,urban,rain,0,0,0,0,0,115,37.12,blue_cross,low,0
1405,wildlife,trapped,night,rural,rain,0,1,0,0,0,71,48.28,wildlife_center,critical,0
1406,dog,trapped,morning,water_body,rain,0,1,0,0,0,44,20.48,blue_cross,medium,0
1407,bird,other,evening,urban,clear,0,0,0,0,0,47,1.91,firefighter,low,1
1408,cat,aggressive,morning,highway,fog,0,0,0,1,0,102,30.13,wildlife_center,medium,1
1409,dog,endangered,afternoon,urban,fog,0,0,0,0,0,13,6.06,firefighter,medium,1
1410,wildlife,other,night,rural,clear,0,0,0,0,0,44,24.07,blue_cross,low,1
1411,other,endangered,morning,water_body,fog,0,0,0,0,0,100,41.64,wildlife_center,medium,1
1412,other,trapped,afternoon,rural,clear,0,1,0,0,0,100,5.19,firefighter,medium,1
1413,other,injured,afternoon,rural,storm,0,0,0,0,1,47,35.67,firefighter,low,0
1414,other,other,evening,rural,storm,0,0,0,0,1,59,19.05,wildlife_center,low,1
1415,dog,aggressive,morning,rural,rain,0,0,0,0,0,6,7.58,veterinary,low,1
1416,cat,trapped,night,forest,clear,0,1,0,0,0,78,24.3,blue_cross,medium,1
1417,other,aggressive,night,rural,fog,0,0,0,0,0,84,13.51,firefighter,low,1
1418,bird,other,evening,forest,rain,0,0,0,0,0,37,17.38,firefighter,low,1
1419,wildlife,injured,evening,highway,storm,0,0,0,1,1,87,1.76,wildlife_center,critical,1
1420,wildlife,injured,morning,highway,storm,0,0,0,1,1,62,22.09,veterinary,critical,0
1421,other,trapped,night,highway,rain,0,1,0,1,0,23,42.08,wildlife_center,critical,0
1422,cat,endangered,afternoon,highway,clear,0,0,0,1,0,107,26.89,wildlife_center,critical,0
1423,other,trapped,evening,rural,clear,0,1,0,0,0,92,8.7,wildlife_center,medium,0
1424,cat,other,night,rural,storm,0,0,0,0,1,11,47.97,firefighter,low,1
1425,other,aggressive,night,water_body,storm,0,0,0,0,1,22,36.22,blue_cross,low,1
1426,bird,other,evening,rural,clear,0,0,0,0,0,12,37.88,wildlife_center,low,1
1427,cat,trapped,night,rural,fog,0,1,0,0,0,55,29.78,wildlife_center,medium,1
1428,dog,trapped,evening,rural,fog,0,1,0,0,0,20,36.44,wildlife_center,medium,1
1429,cat,endangered,evening,urban,clear,0,0,0,0,0,71,15.9,veterinary,medium,0
1430,other,aggressive,afternoon,water_body,storm,0,0,0,0,1,110,6.68,firefighter,low,1
1431,bird,endangered,morning,water_body,storm,0,0,0,0,1,19,31.53,firefighter,critical,0
1432,wildlife,endangered,afternoon,highway,clear,0,0,0,1,0,16,49.88,blue_cross,critical,1
1433,wildlife,aggressive,night,urban,clear,0,0,0,0,0,115,38.61,blue_cross,low,0
1434,other,endangered,night,forest,storm,0,0,0,0,1,15,1.14,firefighter,critical,1
1435,wildlife,trapped,night,forest,clear,0,1,0,0,0,104,41.4,firefighter,critical,0
1436,other,aggressive,night,urban,clear,0,0,0,0,0,80,41.99,veterinary,low,0
1437,dog,trapped,evening,highway,fog,0,1,0,1,0,109,19.99,veterinary,critical,1
1438,wildlife,aggressive,morning,water_body,fog,0,0,0,0,0,90,45.45,wildlife_center,low,0
1439,dog,endangered,morning,forest,fog,0,0,0,0,0,107,1.9,firefighter,medium,0
1440,bird,endangered,evening,forest,rain,0,0,0,0,0,40,22.58,veterinary,medium,1
1441,bird,trapped,afternoon,highway,storm,0,1,0,1,1,99,20.37,blue_cross,critical,0
1442,cat,aggressive,morning,forest,storm,0,0,0,0,1,83,27.14,wildlife_center,low,1
1443,bird,injured,morning,water_body,storm,1,0,0,0,1,101,19.44,blue_cross,critical,0
1444,wildlife,endangered,evening,water_body,storm,0,0,0,0,1,101,8.38,wildlife_center,critical,0
1445,dog,trapped,evening,highway,storm,0,1,0,1,1,101,28.22,wildlife_center,critical,0
1446,dog,trapped,morning,urban,fog,0,1,0,0,0,114,13.54,blue_cross,medium,0
1447,wildlife,trapped,night,urban,storm,0,1,0,0,1,83,28.72,veterinary,critical,0
1448,cat,aggressive,morning,rural,rain,0,0,0,0,0,90,49.64,veterinary,low,1
1449,cat,trapped,afternoon,water_body,rain,0,1,0,0,0,23,1.11,wildlife_center,medium,0
1450,other,aggressive,night,water_body,rain,0,0,0,0,0,57,9.71,firefighter,low,1
1451,wildlife,endangered,evening,forest,fog,0,0,0,0,0,52,18.54,wildlife_center,medium,1
1452,bird,injured,afternoon,forest,rain,1,0,0,0,0,17,49.06,firefighter,medium,1
1453,dog,other,afternoon,forest,rain,0,0,0,0,0,64,13.82,veterinary,low,1
1454,wildlife,aggressive,night,urban,rain,0,0,0,0,0,7,28.22,veterinary,low,1
1455,wildlife,trapped,morning,forest,clear,0,1,0,0,0,97,14.17,blue_cross,critical,0
1456,dog,other,night,water_body,rain,0,0,0,0,0,55,11.15,firefighter,low,1
1457,bird,endangered,afternoon,highway,fog,0,0,0,1,0,23,38.43,blue_cross,critical,0
1458,other,injured,evening,highway,clear,1,0,0,1,0,13,26.72,wildlife_center,critical,1
1459,cat,other,afternoon,rural,clear,0,0,0,0,0,88,46.48,veterinary,low,1
1460,dog,aggressive,night,water_body,fog,0,0,0,0,0,94,23.98,blue_cross,low,1
1461,bird,endangered,afternoon,water_body,storm,0,0,0,0,1,68,4.99,blue_cross,critical,0
1462,cat,endangered,morning,forest,fog,0,0,0,0,0,101,5.15,blue_cross,medium,1
1463,other,injured,morning,forest,clear,0,0,1,0,0,72,1.12,blue_cross,medium,1
1464,dog,other,evening,urban,rain,0,0,0,0,0,29,32.01,firefighter,low,1
1465,cat,endangered,morning,rural,storm,0,0,0,0,1,78,9.26,firefighter,critical,0
1466,cat,other,afternoon,water_body,clear,0,0,0,0,0,84,2.42,veterinary,low,0
1467,bird,endangered,morning,forest,rain,0,0,0,0,0,80,26.17,veterinary,medium,1
1468,other,trapped,evening,water_body,fog,0,1,0,0,0,105,22.67,veterinary,medium,0
1469,dog,endangered,afternoon,forest,rain,0,0,0,0,0,35,48.04,firefighter,medium,1
1470,wildlife,injured,evening,urban,fog,1,0,1,0,0,95,37.85,veterinary,critical,0
1471,dog,endangered,night,highway,rain,0,0,0,1,0,41,16.36,firefighter,critical,1
1472,bird,aggressive,night,water_body,fog,0,0,0,0,0,15,24.78,firefighter,low,1
1473,other,aggressive,night,forest,fog,0,0,0,0,0,105,38.65,veterinary,low,0
1474,dog,trapped,morning,forest,rain,0,1,0,0,0,87,16.03,veterinary,medium,1
1475,dog,endangered,night,rural,storm,0,0,0,0,1,73,3.1,firefighter,critical,0
1476,other,trapped,evening,urban,rain,0,1,0,0,0,17,23.13,wildlife_center,medium,1
1477,bird,injured,afternoon,water_body,rain,1,0,0,0,0,10,46.14,wildlife_center,medium,0
1478,dog,endangered,morning,rural,storm,0,0,0,0,1,27,49.36,wildlife_center,critical,1
1479,wildlife,injured,afternoon,rural,rain,1,0,0,0,0,59,34.18,blue_cross,critical,1
1480,bird,aggressive,morning,water_body,fog,0,0,0,0,0,53,14.27,wildlife_center,low,0
1481,wildlife,endangered,morning,water_body,clear,0,0,0,0,0,94,38.47,wildlife_center,medium,0
1482,cat,injured,morning,urban,rain,1,0,0,0,0,28,27.08,wildlife_center,medium,0
1483,bird,aggressive,evening,highway,storm,0,0,0,1,1,41,42.85,blue_cross,medium,1
1484,dog,aggressive,afternoon,urban,fog,0,0,0,0,0,30,6.79,veterinary,low,1
1485,dog,injured,afternoon,urban,fog,0,0,1,0,0,108,3.84,firefighter,medium,0
1486,wildlife,trapped,night,highway,clear,0,1,0,1,0,89,46.71,wildlife_center,critical,0
1487,bird,injured,morning,rural,storm,1,0,0,0,1,27,17.83,wildlife_center,critical,0
1488,dog,aggressive,night,rural,storm,0,0,0,0,1,69,3.65,wildlife_center,low,0
1489,bird,aggressive,morning,water_body,clear,0,0,0,0,0,112,12.67,blue_cross,low,0
1490,cat,other,evening,urban,clear,0,0,0,0,0,92,3.72,veterinary,low,0
1491,cat,endangered,evening,urban,rain,0,0,0,0,0,120,5.64,wildlife_center,medium,1
1492,dog,other,morning,water_body,clear,0,0,0,0,0,114,11.61,veterinary,low,0
1493,dog,injured,night,highway,fog,0,0,0,1,0,62,45.56,wildlife_center,medium,0
1494,other,endangered,evening,water_body,fog,0,0,0,0,0,120,8.08,blue_cross,medium,1
1495,bird,trapped,night,forest,rain,0,1,0,0,0,52,37.13,firefighter,medium,0
1496,cat,injured,night,water_body,rain,1,0,0,0,0,85,17.97,firefighter,medium,1
1497,wildlife,aggressive,night,water_body,fog,0,0,0,0,0,64,18.5,blue_cross,low,0
1498,cat,other,afternoon,rural,rain,0,0,0,0,0,96,9.95,wildlife_center,low,0
1499,other,endangered,night,highway,fog,0,0,0,1,0,52,32.38,wildlife_center,critical,1
1500,wildlife,injured,night,forest,fog,0,0,0,0,0,75,44.55,firefighter,medium,0
